date,incident_type,severity,status,description,reported_by,created_at
2024-10-30,Data Breach,Medium,Investigating,Unauthorized access attempt,alice,2024-06-03 11:54:44
2025-05-15,DDoS,Medium,Closed,Phishing email reported,bob,2024-09-30 04:37:06
2024-09-08,Insider Threat,Critical,Resolved,Malware execution blocked,alice,2024-09-14 03:43:17
2025-09-17,Phishing,Medium,Resolved,Suspicious activity detected,bob,2025-01-28 01:46:12
2024-12-14,DDoS,Critical,Open,Malware execution blocked,bob,2025-03-27 16:39:10
2024-05-31,DDoS,Low,Closed,System compromise detected,charlie,2024-10-14 22:41:13
2025-08-15,Malware,Critical,Resolved,Suspicious activity detected,frank,2023-12-17 17:18:34
2025-01-15,Data Breach,Medium,Resolved,System compromise detected,david,2025-10-25 01:32:04
2025-02-05,DDoS,High,Open,System compromise detected,eve,2024-03-26 04:54:00
2024-05-06,Phishing,Medium,Investigating,Unauthorized access attempt,heidi,2023-12-24 22:08:29
2024-08-16,DDoS,Medium,Closed,Suspicious activity detected,charlie,2024-02-23 11:04:01
2025-10-22,DDoS,Medium,Closed,Suspicious activity detected,david,2024-04-08 13:06:38
2024-09-22,Malware,Low,Resolved,System compromise detected,david,2023-12-29 00:23:27
2024-11-28,Malware,Low,Closed,Suspicious activity detected,charlie,2024-11-25 17:55:43
2025-09-10,Phishing,Low,Resolved,Phishing email reported,eve,2024-07-12 01:02:11
2024-02-24,Data Breach,Low,Open,System compromise detected,eve,2024-03-31 20:43:05
2025-06-03,Data Breach,Medium,Closed,System compromise detected,grace,2024-04-28 09:34:43
2024-05-03,Ransomware,High,Open,Phishing email reported,frank,2024-02-03 09:00:41
2025-09-11,Ransomware,Low,Open,Unauthorized access attempt,charlie,2025-04-09 20:06:07
2024-08-12,Malware,High,Investigating,Phishing email reported,david,2025-07-07 22:16:36
2024-06-08,Data Breach,Critical,Open,Unauthorized access attempt,david,2025-03-10 19:34:35
2025-04-29,DDoS,Medium,Resolved,Unauthorized access attempt,bob,2024-02-09 00:40:09
2024-07-03,Insider Threat,Low,Resolved,System compromise detected,david,2024-01-21 23:44:26
2024-10-30,Ransomware,Medium,Resolved,Malware execution blocked,heidi,2024-05-25 10:40:45
2025-07-07,DDoS,Critical,Closed,Suspicious activity detected,grace,2023-11-27 06:51:56
2024-07-24,Insider Threat,High,Resolved,Suspicious activity detected,eve,2024-08-15 05:52:31
2024-10-03,Data Breach,Critical,Investigating,Unauthorized access attempt,bob,2024-05-25 19:56:49
2025-09-13,Phishing,Low,Resolved,Suspicious activity detected,eve,2024-04-19 17:41:21
2025-07-30,Insider Threat,Medium,Open,System compromise detected,bob,2024-01-09 19:08:19
2024-08-19,Data Breach,Critical,Investigating,Unauthorized access attempt,heidi,2025-01-21 12:39:35
2024-11-03,Insider Threat,Critical,Open,Malware execution blocked,eve,2024-12-13 13:41:37
2025-08-26,Malware,Critical,Closed,Suspicious activity detected,charlie,2025-07-27 18:36:00
2024-06-08,Malware,High,Open,Malware execution blocked,bob,2024-10-16 10:29:49
2024-08-22,DDoS,Critical,Resolved,Unauthorized access attempt,frank,2025-06-13 21:00:30
2025-10-01,DDoS,High,Open,Suspicious activity detected,alice,2025-04-07 11:16:30
2025-11-08,Ransomware,Low,Open,Suspicious activity detected,heidi,2025-07-08 04:40:23
2024-04-15,Insider Threat,Low,Investigating,Suspicious activity detected,david,2023-12-27 19:17:19
2025-01-02,Insider Threat,Low,Resolved,Suspicious activity detected,bob,2025-01-07 03:11:00
2024-11-18,Phishing,High,Resolved,Phishing email reported,eve,2024-06-09 17:41:27
2025-07-05,DDoS,Critical,Investigating,Unauthorized access attempt,heidi,2024-08-03 23:41:09
2025-03-30,Insider Threat,Low,Closed,Suspicious activity detected,grace,2024-10-30 08:34:04
2024-03-29,Ransomware,High,Open,Unauthorized access attempt,heidi,2025-09-28 23:45:54
2025-04-01,Insider Threat,High,Open,Phishing email reported,charlie,2024-08-23 13:52:24
2024-11-17,Malware,High,Resolved,Suspicious activity detected,david,2024-11-27 18:38:42
2024-10-21,Phishing,Medium,Open,Phishing email reported,david,2024-10-28 01:38:26
2025-04-28,DDoS,Medium,Investigating,System compromise detected,alice,2024-01-05 08:02:56
2023-12-03,Malware,High,Resolved,Phishing email reported,heidi,2023-12-31 15:44:40
2024-11-19,Data Breach,High,Open,Suspicious activity detected,david,2025-04-04 22:49:20
2024-12-25,Insider Threat,Medium,Resolved,Suspicious activity detected,bob,2025-08-18 23:38:13
2024-07-13,Insider Threat,Low,Closed,Suspicious activity detected,frank,2024-09-16 08:34:08
2024-10-23,Malware,Low,Investigating,Suspicious activity detected,grace,2024-08-16 08:23:09
2023-11-23,Insider Threat,Critical,Resolved,Unauthorized access attempt,alice,2025-10-09 15:35:09
2024-07-30,Phishing,High,Resolved,System compromise detected,heidi,2025-07-02 17:01:26
2025-01-30,Malware,Critical,Open,Phishing email reported,heidi,2025-03-07 18:31:49
2023-12-09,Malware,Low,Closed,Malware execution blocked,eve,2024-03-31 20:51:13
2024-04-01,Malware,Critical,Investigating,Malware execution blocked,bob,2025-09-02 01:00:44
2025-01-17,Insider Threat,High,Resolved,Phishing email reported,frank,2025-05-20 15:08:18
2025-07-12,Insider Threat,Medium,Open,Suspicious activity detected,david,2024-12-07 11:19:12
2025-04-05,Data Breach,Critical,Closed,Malware execution blocked,bob,2024-01-01 21:55:36
2024-04-29,Ransomware,Critical,Resolved,Malware execution blocked,charlie,2024-10-14 15:37:22
2025-01-10,Insider Threat,Medium,Closed,Unauthorized access attempt,frank,2025-08-28 22:39:55
2024-10-07,Data Breach,Critical,Open,Suspicious activity detected,heidi,2025-03-23 14:09:32
2024-11-22,Data Breach,Medium,Closed,System compromise detected,heidi,2024-05-08 00:18:42
2025-06-17,Phishing,Medium,Resolved,Malware execution blocked,david,2025-10-20 00:17:32
2023-12-23,Malware,Critical,Investigating,Phishing email reported,alice,2025-02-01 16:11:14
2024-11-16,Malware,Critical,Investigating,Malware execution blocked,bob,2024-07-17 11:41:30
2025-10-05,DDoS,Critical,Investigating,Malware execution blocked,grace,2025-07-12 20:48:10
2024-01-16,Data Breach,Low,Investigating,Suspicious activity detected,heidi,2025-07-14 11:02:28
2025-05-22,Insider Threat,Medium,Open,Malware execution blocked,david,2024-12-18 06:09:59
2024-06-18,Insider Threat,Medium,Closed,Malware execution blocked,alice,2025-01-29 03:53:25
2025-01-30,Data Breach,Medium,Closed,Phishing email reported,heidi,2024-05-08 06:22:42
2025-09-24,Insider Threat,Critical,Closed,Phishing email reported,david,2024-11-04 12:54:09
2024-10-22,Malware,Critical,Resolved,Phishing email reported,david,2025-04-06 14:00:04
2024-12-22,DDoS,Critical,Closed,Phishing email reported,bob,2023-12-16 19:58:16
2025-05-11,Malware,Low,Closed,Malware execution blocked,charlie,2024-05-11 19:55:55
2025-05-16,Phishing,Medium,Investigating,Malware execution blocked,bob,2024-03-30 06:33:21
2024-06-06,Insider Threat,Low,Closed,Phishing email reported,grace,2024-06-07 08:54:06
2024-06-01,Malware,High,Resolved,Phishing email reported,charlie,2025-10-29 01:32:08
2024-11-22,Data Breach,Medium,Investigating,Unauthorized access attempt,charlie,2025-11-02 10:43:33
2025-02-19,Phishing,Critical,Resolved,Unauthorized access attempt,david,2025-04-16 13:00:28
2024-04-22,Malware,Low,Open,Malware execution blocked,bob,2025-07-13 19:52:08
2025-10-02,Insider Threat,Medium,Resolved,Suspicious activity detected,grace,2024-10-31 00:58:46
2024-09-01,Ransomware,High,Investigating,Phishing email reported,charlie,2024-07-25 01:57:36
2025-03-07,Insider Threat,Medium,Closed,Suspicious activity detected,eve,2024-06-12 07:40:51
2025-05-05,DDoS,High,Resolved,Suspicious activity detected,frank,2024-09-24 12:38:42
2025-03-28,Data Breach,Critical,Open,Malware execution blocked,bob,2024-03-29 23:47:39
2024-01-18,DDoS,Critical,Resolved,Unauthorized access attempt,grace,2024-05-09 02:56:07
2025-03-26,Ransomware,Low,Open,Suspicious activity detected,eve,2024-04-26 19:32:19
2024-05-09,Insider Threat,High,Resolved,Unauthorized access attempt,eve,2025-05-02 01:18:21
2024-06-26,Ransomware,Low,Investigating,Suspicious activity detected,heidi,2025-08-25 03:49:51
2024-08-20,Malware,Low,Open,Malware execution blocked,frank,2025-05-19 04:17:30
2024-05-04,DDoS,Medium,Closed,System compromise detected,eve,2025-02-15 00:56:13
2025-02-23,Ransomware,Low,Resolved,System compromise detected,alice,2025-01-20 22:00:31
2024-06-21,Phishing,High,Open,Malware execution blocked,david,2025-02-08 10:46:31
2024-09-01,Malware,Critical,Open,Suspicious activity detected,alice,2025-04-15 20:12:17
2024-02-18,Malware,Low,Open,System compromise detected,grace,2025-02-04 21:58:05
2025-07-12,Phishing,Critical,Open,Malware execution blocked,bob,2024-04-01 17:53:53
2024-10-20,Malware,Medium,Resolved,Unauthorized access attempt,david,2025-03-07 22:22:04
2024-07-10,Insider Threat,Low,Investigating,Suspicious activity detected,heidi,2025-03-08 22:48:28
2025-01-22,Phishing,Low,Open,System compromise detected,charlie,2025-01-31 06:16:18
2024-09-04,DDoS,Critical,Closed,Phishing email reported,eve,2024-01-17 18:18:05
2025-08-02,Ransomware,Low,Investigating,Unauthorized access attempt,david,2024-08-24 09:08:17
2025-03-20,Phishing,High,Investigating,System compromise detected,frank,2025-03-01 03:50:26
2025-11-10,Ransomware,Critical,Resolved,Suspicious activity detected,bob,2025-09-30 03:40:29
2025-02-03,Ransomware,Medium,Closed,Phishing email reported,frank,2023-11-25 01:21:36
2025-07-17,Data Breach,Low,Investigating,System compromise detected,bob,2025-08-13 05:41:10
2024-10-12,DDoS,Critical,Resolved,Phishing email reported,eve,2025-08-08 19:06:48
2024-01-29,Ransomware,Low,Resolved,Suspicious activity detected,heidi,2025-10-04 11:32:19
2025-05-25,Insider Threat,Low,Resolved,Malware execution blocked,eve,2025-03-24 04:40:44
2025-03-16,Malware,Critical,Open,Unauthorized access attempt,heidi,2025-03-25 21:42:59
2024-02-05,Phishing,Medium,Investigating,System compromise detected,bob,2025-07-03 03:19:40
2024-09-21,Data Breach,Low,Resolved,Unauthorized access attempt,heidi,2025-07-30 11:19:45
2024-11-07,Data Breach,Low,Investigating,Malware execution blocked,frank,2024-08-29 03:37:25
2024-04-07,Malware,Low,Closed,Malware execution blocked,frank,2025-11-12 03:16:13
2023-12-23,Malware,Critical,Open,Suspicious activity detected,heidi,2024-05-15 10:33:59
2025-01-23,Data Breach,High,Investigating,Malware execution blocked,bob,2025-10-02 10:33:26
2025-01-14,Ransomware,High,Open,System compromise detected,frank,2024-11-29 19:51:17
2025-01-21,Malware,Medium,Open,Unauthorized access attempt,charlie,2024-12-22 18:49:22
2024-03-08,Data Breach,Medium,Investigating,Unauthorized access attempt,bob,2024-02-11 06:43:25
2024-07-23,Phishing,Medium,Investigating,Phishing email reported,eve,2024-11-23 02:01:01
2024-04-26,Insider Threat,Critical,Investigating,System compromise detected,charlie,2025-10-27 04:31:59
2025-04-08,Data Breach,Critical,Resolved,Malware execution blocked,alice,2024-02-15 11:22:35
2025-09-27,Phishing,Low,Investigating,Suspicious activity detected,frank,2025-11-12 08:01:52
2025-07-28,Insider Threat,High,Closed,Unauthorized access attempt,frank,2025-06-03 10:39:10
2025-04-08,Insider Threat,Critical,Closed,System compromise detected,charlie,2025-03-04 03:03:18
2024-08-17,Malware,High,Closed,System compromise detected,eve,2025-07-18 08:40:38
2024-04-06,Data Breach,High,Investigating,Phishing email reported,bob,2024-05-18 08:58:31
2024-01-30,Ransomware,Low,Open,Malware execution blocked,alice,2024-06-16 14:45:16
2025-02-04,Ransomware,Low,Resolved,Malware execution blocked,david,2024-08-05 01:21:39
2024-03-25,Data Breach,High,Closed,Malware execution blocked,grace,2024-12-21 03:48:17
2024-12-27,Insider Threat,Medium,Closed,Phishing email reported,frank,2024-03-27 08:30:08
2024-11-01,Ransomware,Critical,Resolved,Phishing email reported,heidi,2025-08-17 19:08:05
2025-02-26,DDoS,High,Investigating,Unauthorized access attempt,bob,2024-09-27 22:27:42
2024-01-16,Phishing,High,Open,Malware execution blocked,charlie,2024-04-05 05:54:57
2025-09-10,Malware,Medium,Open,System compromise detected,grace,2024-07-29 04:44:57
2025-05-09,Phishing,Critical,Open,Unauthorized access attempt,eve,2024-06-20 16:13:23
2025-04-18,Malware,High,Resolved,Suspicious activity detected,david,2025-05-12 17:55:28
2025-03-29,Phishing,Low,Open,Suspicious activity detected,grace,2023-12-12 08:55:48
2024-03-08,Ransomware,Medium,Closed,Suspicious activity detected,grace,2024-08-15 20:26:57
2024-12-13,Insider Threat,High,Closed,Phishing email reported,david,2024-12-21 11:18:16
2024-05-31,Ransomware,Critical,Closed,Malware execution blocked,grace,2024-02-15 14:12:40
2024-12-29,DDoS,High,Closed,Phishing email reported,frank,2025-04-12 07:15:52
2024-08-28,DDoS,High,Resolved,System compromise detected,charlie,2024-06-04 05:47:39
2023-12-29,Ransomware,Low,Investigating,Malware execution blocked,david,2023-11-21 20:27:33
2025-04-28,Ransomware,Critical,Investigating,Unauthorized access attempt,grace,2024-06-21 18:31:10
2025-10-28,Phishing,Medium,Open,Malware execution blocked,david,2024-03-29 09:50:27
2025-09-21,DDoS,Critical,Closed,Phishing email reported,bob,2024-01-28 06:07:59
2025-10-22,Ransomware,Low,Open,Suspicious activity detected,eve,2025-07-12 03:50:46
2025-02-04,Ransomware,High,Resolved,Suspicious activity detected,frank,2024-11-08 22:25:11
2024-10-28,Data Breach,Critical,Closed,Malware execution blocked,heidi,2025-03-16 01:34:32
2023-11-18,Malware,High,Resolved,Unauthorized access attempt,heidi,2024-05-04 07:42:56
2024-09-23,Ransomware,Medium,Resolved,Phishing email reported,grace,2024-01-08 19:36:39
2025-05-22,Insider Threat,Medium,Closed,Malware execution blocked,david,2025-06-12 17:48:26
2023-12-21,Ransomware,Medium,Closed,Suspicious activity detected,frank,2024-01-08 13:05:47
2025-04-12,DDoS,High,Open,System compromise detected,david,2024-12-29 03:06:05
2024-02-26,Data Breach,Low,Open,System compromise detected,david,2024-03-07 12:51:21
2025-04-16,DDoS,Medium,Investigating,Phishing email reported,eve,2024-10-04 20:21:24
2024-05-31,Insider Threat,Medium,Resolved,Suspicious activity detected,heidi,2025-11-07 11:23:26
2023-12-12,Malware,Low,Investigating,Unauthorized access attempt,frank,2024-09-06 08:35:45
2024-07-01,Insider Threat,High,Investigating,Malware execution blocked,alice,2025-01-31 22:17:16
2025-11-12,Insider Threat,Medium,Investigating,Malware execution blocked,charlie,2025-10-23 08:07:19
2024-02-14,Ransomware,Medium,Closed,System compromise detected,bob,2025-05-26 00:20:26
2025-07-26,Ransomware,Critical,Resolved,Malware execution blocked,charlie,2025-04-07 08:51:51
2023-11-18,Ransomware,Low,Open,Unauthorized access attempt,frank,2024-05-28 22:42:08
2025-01-18,Ransomware,Critical,Closed,Unauthorized access attempt,charlie,2025-01-12 05:34:27
2024-04-22,Malware,Medium,Resolved,Phishing email reported,david,2023-11-20 09:44:26
2025-02-06,Ransomware,High,Open,Suspicious activity detected,heidi,2025-02-23 10:58:11
2025-02-25,Ransomware,Critical,Open,Suspicious activity detected,bob,2025-01-21 10:07:51
2025-06-15,DDoS,High,Resolved,Phishing email reported,david,2025-05-10 08:41:10
2025-07-22,DDoS,Low,Closed,System compromise detected,charlie,2025-06-20 03:17:55
2025-09-26,Insider Threat,Critical,Closed,Unauthorized access attempt,grace,2024-04-28 15:01:12
2024-08-23,Ransomware,High,Investigating,Suspicious activity detected,alice,2025-01-08 20:57:44
2025-04-03,Insider Threat,Critical,Investigating,Phishing email reported,grace,2023-12-22 13:21:40
2025-01-24,Malware,Low,Resolved,System compromise detected,charlie,2024-10-26 01:37:59
2023-11-27,Malware,Critical,Closed,Suspicious activity detected,bob,2023-12-21 23:18:17
2025-06-08,Malware,Medium,Resolved,Unauthorized access attempt,frank,2024-11-14 04:55:25
2024-08-09,Phishing,Low,Open,Unauthorized access attempt,david,2024-11-04 12:47:06
2025-04-17,Malware,Critical,Investigating,Unauthorized access attempt,frank,2024-12-18 09:27:56
2025-11-02,Malware,Low,Investigating,Unauthorized access attempt,david,2024-04-02 00:53:26
2025-08-02,Malware,Critical,Investigating,Malware execution blocked,alice,2024-08-24 11:32:58
2024-12-02,Ransomware,Critical,Open,Unauthorized access attempt,eve,2025-09-21 01:19:50
2025-01-15,Data Breach,Medium,Closed,Unauthorized access attempt,david,2024-02-19 01:49:15
2025-06-11,Malware,High,Resolved,Unauthorized access attempt,alice,2023-12-25 03:40:58
2025-01-31,Phishing,Critical,Closed,Suspicious activity detected,grace,2024-04-02 11:49:27
2024-02-29,Insider Threat,High,Open,Phishing email reported,david,2024-01-30 02:48:12
2025-08-29,Insider Threat,Medium,Open,System compromise detected,bob,2024-12-10 12:41:06
2024-02-05,Malware,Medium,Closed,Unauthorized access attempt,bob,2025-01-12 23:52:28
2024-01-04,Ransomware,High,Closed,Unauthorized access attempt,eve,2025-09-09 08:02:33
2024-05-15,Malware,Medium,Investigating,System compromise detected,david,2024-01-12 11:03:36
2025-04-08,DDoS,Critical,Closed,Malware execution blocked,bob,2024-01-13 20:02:06
2025-08-22,Ransomware,High,Closed,System compromise detected,david,2024-09-11 14:14:31
2024-05-08,Data Breach,Low,Closed,Malware execution blocked,bob,2025-05-01 01:34:31
2024-04-05,Data Breach,High,Resolved,Phishing email reported,alice,2025-10-28 07:38:46
2024-01-13,DDoS,Medium,Investigating,Malware execution blocked,heidi,2025-06-23 19:10:50
2024-01-26,DDoS,High,Closed,System compromise detected,grace,2025-09-30 05:08:14
2024-02-15,DDoS,Low,Investigating,Phishing email reported,frank,2024-07-09 03:09:04
2025-01-13,Phishing,Low,Resolved,Phishing email reported,eve,2024-11-10 07:04:20
2024-12-04,Malware,Critical,Closed,Malware execution blocked,eve,2025-03-18 09:24:35
2024-03-07,Phishing,High,Resolved,Malware execution blocked,heidi,2025-04-05 20:15:42
2024-02-19,Ransomware,Critical,Open,Malware execution blocked,heidi,2025-03-31 18:51:01
2025-06-10,DDoS,High,Resolved,System compromise detected,frank,2025-08-08 16:30:44
2024-04-12,Insider Threat,Critical,Resolved,Malware execution blocked,frank,2024-01-04 12:49:08
2025-04-13,Phishing,Critical,Closed,Unauthorized access attempt,david,2024-12-02 01:58:48
2024-12-21,Insider Threat,Medium,Resolved,Unauthorized access attempt,frank,2025-10-01 03:02:52
2025-09-26,Malware,High,Open,Malware execution blocked,grace,2024-04-28 22:37:18
2024-04-26,Phishing,High,Closed,Phishing email reported,charlie,2024-03-26 08:53:38
2025-03-31,Malware,Medium,Resolved,System compromise detected,eve,2025-01-31 22:51:14
2025-09-26,Ransomware,Medium,Investigating,Suspicious activity detected,frank,2024-09-12 17:27:21
2025-09-25,Insider Threat,Critical,Open,Unauthorized access attempt,frank,2023-11-30 19:54:13
2024-05-19,Data Breach,Critical,Open,Unauthorized access attempt,alice,2024-11-05 01:00:54
2023-12-08,DDoS,Low,Closed,Suspicious activity detected,alice,2024-05-20 05:39:09
2024-03-01,Data Breach,High,Closed,Malware execution blocked,david,2024-07-16 03:38:13
2025-04-06,Phishing,Medium,Open,Phishing email reported,charlie,2024-09-01 00:01:32
2025-08-02,Phishing,Low,Investigating,Suspicious activity detected,eve,2024-06-16 13:20:25
2025-05-12,Data Breach,High,Investigating,Unauthorized access attempt,frank,2025-01-25 02:29:58
2024-09-15,Ransomware,High,Closed,System compromise detected,david,2025-06-19 18:06:00
2025-07-10,Ransomware,Critical,Investigating,Suspicious activity detected,frank,2024-09-28 07:35:56
2024-06-12,Insider Threat,Critical,Investigating,System compromise detected,grace,2025-06-21 02:04:46
2024-12-10,Insider Threat,Critical,Open,Malware execution blocked,heidi,2024-05-31 22:42:36
2023-11-18,Malware,Low,Open,System compromise detected,david,2024-12-30 04:03:55
2025-11-03,Malware,Critical,Resolved,Suspicious activity detected,grace,2025-04-11 18:35:22
2024-06-09,Data Breach,Low,Open,Malware execution blocked,frank,2023-12-05 23:12:55
2025-04-25,Data Breach,Critical,Closed,System compromise detected,eve,2024-06-30 06:58:34
2024-08-29,Insider Threat,Medium,Open,Malware execution blocked,grace,2023-12-10 17:35:02
2024-06-07,Phishing,High,Closed,System compromise detected,frank,2024-10-04 21:18:41
2024-01-25,Phishing,Medium,Resolved,Phishing email reported,frank,2024-06-07 14:35:08
2025-10-17,DDoS,Medium,Resolved,Phishing email reported,alice,2025-05-15 17:25:50
2024-03-03,DDoS,Medium,Closed,System compromise detected,david,2024-11-08 18:47:54
2025-03-12,DDoS,Critical,Open,Unauthorized access attempt,eve,2025-05-03 17:28:30
2024-08-25,Ransomware,Critical,Investigating,Phishing email reported,eve,2024-10-14 15:04:13
2024-08-27,Data Breach,Critical,Closed,Malware execution blocked,heidi,2025-09-19 11:42:32
2024-08-06,Ransomware,Low,Resolved,Unauthorized access attempt,eve,2024-10-26 20:13:54
2025-02-03,Phishing,Critical,Investigating,Phishing email reported,david,2025-06-30 01:30:57
2025-09-14,Data Breach,High,Resolved,System compromise detected,heidi,2024-06-28 22:49:32
2025-05-25,Ransomware,Low,Closed,System compromise detected,charlie,2025-01-09 23:33:54
2025-04-18,Malware,Critical,Resolved,System compromise detected,heidi,2023-11-24 14:06:15
2024-12-29,Insider Threat,High,Closed,Suspicious activity detected,alice,2023-11-26 08:42:05
2024-09-23,DDoS,Critical,Resolved,Malware execution blocked,alice,2024-02-06 04:58:51
2023-11-21,Data Breach,Critical,Open,Malware execution blocked,grace,2023-12-28 22:33:59
2023-12-01,DDoS,Critical,Open,System compromise detected,heidi,2025-03-24 03:23:24
2024-08-03,DDoS,Medium,Open,System compromise detected,david,2024-03-10 06:46:54
2025-07-08,DDoS,Low,Investigating,Suspicious activity detected,heidi,2024-09-15 08:33:23
2024-02-15,DDoS,Medium,Open,Suspicious activity detected,charlie,2024-09-21 20:41:41
2025-06-07,Phishing,Medium,Closed,System compromise detected,alice,2024-02-13 23:27:32
2024-02-10,Phishing,Critical,Investigating,System compromise detected,frank,2024-02-20 17:31:43
2024-08-21,Phishing,Low,Open,System compromise detected,heidi,2024-01-03 21:58:34
2024-10-28,Malware,High,Resolved,System compromise detected,frank,2025-10-16 05:45:16
2025-09-30,Malware,Low,Resolved,System compromise detected,eve,2024-03-08 13:22:02
2023-12-28,Malware,Critical,Closed,Unauthorized access attempt,alice,2024-03-11 05:33:07
2025-06-28,Insider Threat,Medium,Resolved,System compromise detected,eve,2025-10-11 06:05:14
2025-05-30,DDoS,Medium,Closed,Phishing email reported,charlie,2024-08-12 00:52:17
2024-03-03,DDoS,Medium,Open,Unauthorized access attempt,eve,2025-04-24 23:10:37
2024-06-17,Insider Threat,High,Closed,Suspicious activity detected,eve,2025-02-28 00:53:21
2024-08-16,Phishing,Critical,Open,Phishing email reported,charlie,2024-09-13 08:08:33
2025-03-11,DDoS,Low,Resolved,Unauthorized access attempt,frank,2024-07-10 08:27:42
2024-09-18,Data Breach,Low,Closed,Suspicious activity detected,frank,2025-10-22 08:50:17
2025-09-11,Data Breach,Medium,Open,Malware execution blocked,heidi,2024-01-13 22:54:27
2025-03-13,Ransomware,Low,Resolved,Suspicious activity detected,david,2025-04-11 04:27:20
2024-05-05,DDoS,Low,Resolved,Suspicious activity detected,frank,2024-09-07 08:20:37
2024-01-23,Phishing,Low,Open,Suspicious activity detected,bob,2024-04-30 23:27:06
2025-09-26,DDoS,Medium,Open,Suspicious activity detected,charlie,2024-03-30 05:55:15
2023-12-28,Data Breach,High,Open,System compromise detected,bob,2025-05-28 16:46:30
2024-06-27,Malware,High,Investigating,Malware execution blocked,frank,2025-03-02 05:08:45
2024-12-31,Phishing,Medium,Investigating,Phishing email reported,heidi,2025-11-03 20:04:16
2024-09-09,Insider Threat,Low,Open,Unauthorized access attempt,heidi,2025-02-06 03:52:11
2023-12-01,DDoS,High,Open,Suspicious activity detected,charlie,2025-07-02 19:12:42
2025-01-24,Malware,Critical,Resolved,Malware execution blocked,david,2024-10-12 11:26:50
2025-09-10,Ransomware,High,Open,Suspicious activity detected,alice,2024-06-07 02:01:54
2024-11-26,Ransomware,Critical,Resolved,Malware execution blocked,frank,2025-05-23 19:08:29
2024-10-28,Malware,Medium,Resolved,Unauthorized access attempt,bob,2024-07-02 01:11:28
2025-08-23,Malware,High,Closed,Unauthorized access attempt,charlie,2024-07-27 02:54:29
2024-05-24,Phishing,High,Closed,Suspicious activity detected,heidi,2024-10-21 08:16:48
2023-12-01,Malware,Critical,Investigating,System compromise detected,david,2024-06-20 23:38:51
2024-05-09,DDoS,Low,Closed,Malware execution blocked,charlie,2024-10-27 23:42:33
2024-07-27,DDoS,Medium,Investigating,Suspicious activity detected,bob,2025-02-27 06:56:17
2025-06-23,DDoS,High,Resolved,Malware execution blocked,david,2024-04-05 19:30:34
2025-03-17,DDoS,Low,Resolved,Phishing email reported,heidi,2024-04-03 04:24:57
2025-03-11,Ransomware,Medium,Resolved,Suspicious activity detected,bob,2024-10-06 19:10:40
2025-01-22,Insider Threat,High,Closed,System compromise detected,eve,2025-11-09 15:56:45
2024-09-27,Data Breach,Low,Closed,Phishing email reported,bob,2024-10-17 21:08:10
2024-05-23,Insider Threat,Low,Open,Unauthorized access attempt,eve,2024-10-18 01:22:33
2023-12-01,Ransomware,Medium,Resolved,System compromise detected,alice,2024-02-28 20:55:03
2025-06-18,Malware,High,Closed,Suspicious activity detected,bob,2024-12-29 09:42:53
2024-05-11,DDoS,Critical,Investigating,Unauthorized access attempt,bob,2025-09-19 14:26:07
2025-03-30,Malware,Critical,Open,Malware execution blocked,alice,2024-08-11 19:51:48
2024-10-05,Ransomware,Medium,Open,Unauthorized access attempt,bob,2024-09-13 19:31:10
2025-09-28,Phishing,High,Resolved,Malware execution blocked,heidi,2023-12-19 09:41:34
2024-10-22,Data Breach,Critical,Resolved,Suspicious activity detected,eve,2025-01-06 14:10:46
2024-07-19,Data Breach,Low,Open,Malware execution blocked,bob,2024-07-24 22:34:54
2023-12-25,Malware,Low,Closed,Malware execution blocked,eve,2024-02-15 02:10:53
2025-04-02,DDoS,Critical,Closed,Suspicious activity detected,charlie,2024-09-15 17:56:24
2025-02-25,Insider Threat,Critical,Open,Malware execution blocked,heidi,2025-01-09 11:55:31
2024-12-08,Malware,High,Resolved,Unauthorized access attempt,charlie,2024-11-06 14:08:34
2024-03-12,Ransomware,Critical,Open,Phishing email reported,charlie,2025-07-14 18:27:31
2025-10-05,Data Breach,Critical,Resolved,System compromise detected,alice,2025-08-24 00:03:43
2025-09-11,Ransomware,Medium,Closed,Phishing email reported,eve,2024-07-16 15:26:37
2025-02-23,Phishing,Medium,Investigating,Unauthorized access attempt,david,2024-11-14 20:42:36
2024-12-28,DDoS,Low,Resolved,Malware execution blocked,charlie,2025-10-20 16:28:29
2024-03-02,Data Breach,Critical,Closed,System compromise detected,charlie,2024-11-21 01:14:30
2025-10-30,DDoS,High,Resolved,Phishing email reported,charlie,2023-11-27 22:31:08
2025-07-27,Ransomware,Medium,Investigating,Suspicious activity detected,bob,2025-01-15 17:43:16
2024-07-24,Phishing,Medium,Open,Suspicious activity detected,eve,2025-08-10 08:47:52
2025-09-14,Insider Threat,High,Resolved,Suspicious activity detected,grace,2025-08-14 06:05:58
2024-06-05,Ransomware,High,Closed,System compromise detected,charlie,2025-05-09 07:19:14
2025-11-16,Phishing,Medium,Closed,Unauthorized access attempt,bob,2024-08-27 07:57:30
2025-02-12,Malware,Low,Open,System compromise detected,heidi,2024-09-11 11:41:31
2024-04-17,Ransomware,High,Investigating,Unauthorized access attempt,heidi,2025-07-01 19:04:57
2025-10-13,Insider Threat,High,Investigating,Malware execution blocked,charlie,2024-12-24 08:22:01
2025-09-19,DDoS,Critical,Investigating,Suspicious activity detected,alice,2025-10-11 16:53:59
2024-06-22,Ransomware,High,Resolved,System compromise detected,frank,2025-09-03 23:39:15
2025-04-10,Data Breach,High,Investigating,Malware execution blocked,eve,2024-03-05 20:59:36
2024-02-15,Data Breach,Medium,Resolved,Suspicious activity detected,bob,2025-06-24 00:49:14
2025-02-13,DDoS,Low,Investigating,System compromise detected,alice,2024-02-11 12:10:45
2025-06-19,Insider Threat,Critical,Investigating,Suspicious activity detected,david,2024-12-19 07:27:42
2025-04-05,DDoS,Low,Investigating,Phishing email reported,david,2024-06-12 00:50:37
2025-10-21,Malware,High,Resolved,Phishing email reported,heidi,2025-02-12 07:36:50
2025-07-11,Phishing,Critical,Open,Suspicious activity detected,alice,2024-08-02 03:13:20
2024-12-17,Data Breach,High,Investigating,Unauthorized access attempt,frank,2024-04-20 19:52:11
2024-01-17,Data Breach,Low,Closed,Suspicious activity detected,eve,2025-08-22 23:49:56
2024-07-20,Insider Threat,Medium,Open,Unauthorized access attempt,charlie,2024-12-11 22:04:27
2024-04-15,Data Breach,Critical,Investigating,System compromise detected,david,2024-03-15 10:04:18
2025-10-21,Data Breach,High,Resolved,Phishing email reported,david,2024-03-22 16:22:06
2025-11-04,Insider Threat,Low,Investigating,System compromise detected,bob,2025-09-05 08:44:38
2024-01-16,Ransomware,Critical,Resolved,Suspicious activity detected,frank,2025-03-21 22:25:35
2025-06-21,Phishing,Low,Investigating,Phishing email reported,eve,2024-05-09 00:08:36
2025-02-13,Data Breach,High,Investigating,Suspicious activity detected,grace,2024-12-12 08:40:49
2024-05-19,Ransomware,High,Open,Unauthorized access attempt,alice,2025-03-09 01:33:56
2024-07-14,Ransomware,High,Closed,Unauthorized access attempt,frank,2024-08-09 15:51:37
2024-04-13,Malware,Critical,Closed,Unauthorized access attempt,alice,2025-04-23 16:52:21
2024-07-29,Data Breach,Critical,Closed,System compromise detected,charlie,2024-06-17 02:22:17
2024-07-17,DDoS,High,Investigating,Suspicious activity detected,charlie,2025-05-25 03:24:51
2025-09-05,DDoS,High,Closed,Phishing email reported,david,2024-04-11 12:13:33
2025-04-12,Insider Threat,Critical,Open,System compromise detected,heidi,2025-07-27 08:07:02
2025-02-27,Malware,High,Open,Suspicious activity detected,alice,2025-01-15 22:44:01
2025-10-22,Malware,Low,Open,Suspicious activity detected,heidi,2024-11-12 00:32:12
2025-07-18,Ransomware,Low,Closed,Unauthorized access attempt,charlie,2025-06-09 06:21:22
2025-01-23,Phishing,Low,Closed,Phishing email reported,alice,2024-02-09 05:20:46
2024-03-16,Malware,Medium,Resolved,System compromise detected,frank,2023-12-22 08:38:24
2025-06-24,Data Breach,Medium,Open,Malware execution blocked,grace,2024-10-16 09:24:43
2025-11-04,DDoS,Critical,Open,Unauthorized access attempt,frank,2025-04-28 03:21:37
2024-12-22,Malware,High,Open,Malware execution blocked,grace,2024-01-16 05:29:07
2024-03-12,Malware,High,Closed,Unauthorized access attempt,grace,2024-04-09 19:15:55
2025-09-13,Ransomware,Low,Resolved,System compromise detected,alice,2024-02-11 13:40:46
2024-12-26,Malware,High,Investigating,System compromise detected,heidi,2025-06-11 14:42:40
2024-02-09,DDoS,Critical,Closed,Phishing email reported,charlie,2024-08-21 20:11:00
2024-07-14,Data Breach,Low,Closed,Malware execution blocked,grace,2025-03-07 23:25:44
2025-08-09,Malware,Low,Investigating,Suspicious activity detected,david,2023-12-27 22:34:02
2024-04-28,Insider Threat,Medium,Resolved,System compromise detected,bob,2024-02-20 15:32:28
2024-07-20,Phishing,Medium,Open,Malware execution blocked,grace,2025-09-08 02:50:04
2024-02-06,Ransomware,High,Investigating,Malware execution blocked,alice,2024-01-04 04:07:44
2025-01-27,DDoS,Low,Closed,Phishing email reported,heidi,2024-09-15 14:04:34
2025-06-05,Insider Threat,High,Open,Suspicious activity detected,grace,2025-07-10 13:52:13
2024-11-25,Insider Threat,Critical,Resolved,System compromise detected,frank,2024-08-24 11:54:22
2025-06-14,Data Breach,Critical,Resolved,System compromise detected,eve,2023-12-14 16:06:17
2024-11-17,Data Breach,Medium,Open,Unauthorized access attempt,bob,2024-08-18 08:32:36
2024-11-27,Insider Threat,Low,Closed,Phishing email reported,charlie,2024-10-10 23:14:44
2024-05-23,Phishing,Critical,Open,Unauthorized access attempt,charlie,2025-08-16 11:50:16
2025-11-07,Data Breach,Low,Closed,Unauthorized access attempt,charlie,2023-11-19 05:27:56
2023-11-20,Data Breach,High,Closed,System compromise detected,charlie,2024-09-10 07:42:01
2025-01-30,Phishing,High,Open,Phishing email reported,grace,2025-02-18 08:21:19
2024-12-10,Phishing,Medium,Closed,Unauthorized access attempt,charlie,2024-08-02 16:16:27
2024-09-26,Insider Threat,Low,Open,Suspicious activity detected,bob,2025-07-01 16:22:37
2024-09-26,Malware,High,Open,System compromise detected,bob,2024-09-07 12:54:24
2025-06-08,Ransomware,High,Resolved,Phishing email reported,eve,2024-12-11 13:20:51
2025-01-17,Malware,High,Resolved,Suspicious activity detected,bob,2025-05-06 03:20:00
2025-05-26,Phishing,Medium,Resolved,Phishing email reported,heidi,2024-02-20 15:05:22
2024-01-02,Malware,Medium,Open,Phishing email reported,heidi,2025-06-24 13:27:29
2025-04-09,Malware,Critical,Resolved,Suspicious activity detected,eve,2025-06-29 20:08:07
2025-05-24,Ransomware,Critical,Closed,Phishing email reported,eve,2024-03-17 05:43:39
2025-02-10,Malware,Low,Closed,Phishing email reported,heidi,2024-09-05 11:26:32
2024-01-16,Data Breach,Medium,Resolved,Malware execution blocked,david,2023-12-01 11:46:50
2024-02-09,Data Breach,Low,Open,Suspicious activity detected,david,2024-08-10 21:45:57
2024-03-05,Ransomware,Low,Closed,Unauthorized access attempt,charlie,2025-09-18 16:50:57
2024-03-20,DDoS,Medium,Resolved,Malware execution blocked,bob,2024-06-04 19:15:59
2025-08-02,Insider Threat,High,Open,Unauthorized access attempt,charlie,2024-06-08 09:21:23
2025-08-16,Phishing,Medium,Closed,Phishing email reported,grace,2024-11-08 02:32:44
2025-05-30,Data Breach,Low,Resolved,Suspicious activity detected,grace,2025-04-28 11:48:14
2025-08-19,Ransomware,Medium,Investigating,System compromise detected,heidi,2024-09-09 09:46:27
2024-07-16,Phishing,High,Investigating,System compromise detected,alice,2023-12-23 01:17:05
2025-10-16,Data Breach,High,Closed,Unauthorized access attempt,frank,2023-12-21 02:14:44
2024-06-26,Data Breach,Low,Resolved,Phishing email reported,heidi,2024-06-08 02:18:22
2025-10-30,DDoS,Medium,Investigating,Unauthorized access attempt,frank,2024-10-17 21:24:12
2025-08-04,Ransomware,Low,Open,System compromise detected,frank,2023-12-18 20:53:10
2024-01-21,Ransomware,Critical,Open,Unauthorized access attempt,charlie,2023-12-14 02:32:42
2024-05-14,DDoS,High,Resolved,Phishing email reported,grace,2024-05-08 18:54:42
2025-03-15,Ransomware,High,Resolved,Suspicious activity detected,grace,2025-08-26 12:06:42
2024-12-16,Insider Threat,High,Closed,Malware execution blocked,heidi,2024-07-04 22:38:29
2025-08-13,Malware,High,Closed,Malware execution blocked,charlie,2024-11-15 14:47:11
2025-08-28,Malware,Low,Resolved,Unauthorized access attempt,grace,2024-10-08 10:19:39
2025-04-27,Phishing,Low,Open,Suspicious activity detected,eve,2024-01-16 07:23:59
2024-12-19,DDoS,Critical,Investigating,System compromise detected,grace,2025-08-16 22:49:22
2025-07-02,Ransomware,Low,Resolved,Unauthorized access attempt,alice,2025-08-22 08:06:01
2024-12-19,Malware,High,Closed,System compromise detected,charlie,2024-04-15 07:24:21
2024-06-19,Insider Threat,High,Resolved,Suspicious activity detected,david,2025-04-24 09:39:03
2024-12-29,Ransomware,Medium,Investigating,System compromise detected,david,2024-01-26 01:41:35
2024-10-14,Malware,Low,Open,Malware execution blocked,charlie,2024-05-18 19:43:53
2024-09-21,Insider Threat,High,Resolved,Phishing email reported,alice,2024-03-13 15:20:25
2025-04-29,Ransomware,High,Investigating,System compromise detected,eve,2024-04-01 15:37:24
2024-09-06,Malware,High,Closed,Malware execution blocked,frank,2025-02-11 22:32:17
2024-12-05,Phishing,Low,Investigating,Unauthorized access attempt,frank,2025-09-05 10:11:48
2024-05-12,DDoS,Critical,Closed,Unauthorized access attempt,alice,2024-05-17 11:23:21
2024-04-02,Ransomware,Low,Open,System compromise detected,frank,2025-06-30 13:44:04
2025-02-10,Ransomware,High,Closed,Phishing email reported,david,2024-09-12 01:32:21
2023-11-27,Phishing,Medium,Closed,System compromise detected,heidi,2025-04-27 02:57:22
2025-10-16,Malware,Medium,Closed,System compromise detected,grace,2025-05-08 00:15:15
2025-11-06,Insider Threat,Medium,Investigating,Unauthorized access attempt,heidi,2024-07-05 21:22:00
2024-03-16,DDoS,Critical,Closed,System compromise detected,grace,2024-05-21 22:58:48
2024-04-12,Ransomware,Medium,Closed,Unauthorized access attempt,eve,2024-03-02 20:03:23
2024-01-14,Phishing,Low,Investigating,Unauthorized access attempt,alice,2024-08-06 19:27:18
2024-11-20,Phishing,High,Open,Phishing email reported,bob,2023-12-04 08:34:45
2025-08-10,Phishing,High,Resolved,System compromise detected,heidi,2025-07-30 15:08:56
2025-10-24,Insider Threat,Critical,Resolved,System compromise detected,alice,2024-09-05 04:38:16
2024-08-06,DDoS,Medium,Resolved,Unauthorized access attempt,frank,2025-03-23 02:57:23
2025-09-28,Phishing,Medium,Resolved,Phishing email reported,alice,2025-09-04 16:43:37
2024-07-28,Ransomware,Critical,Closed,Malware execution blocked,frank,2025-04-11 02:11:10
2024-08-29,DDoS,Critical,Closed,Suspicious activity detected,charlie,2025-08-28 06:25:59
2024-06-22,Data Breach,Critical,Resolved,Phishing email reported,eve,2025-11-12 11:42:03
2024-09-27,Malware,High,Resolved,System compromise detected,eve,2025-02-08 21:50:47
2024-12-13,Ransomware,Medium,Investigating,System compromise detected,charlie,2023-11-19 00:29:10
2025-02-06,Insider Threat,Medium,Resolved,Unauthorized access attempt,grace,2023-11-24 13:52:48
2025-08-11,Malware,High,Resolved,Phishing email reported,alice,2024-01-15 09:13:43
2025-10-12,DDoS,High,Resolved,Malware execution blocked,grace,2024-09-19 05:09:58
2024-04-23,Data Breach,Critical,Resolved,System compromise detected,eve,2025-03-21 08:01:29
2024-12-07,Ransomware,High,Closed,Suspicious activity detected,grace,2024-05-31 01:04:27
2024-04-25,Data Breach,High,Open,Phishing email reported,heidi,2025-10-14 15:42:35
2023-12-24,Ransomware,Medium,Investigating,Phishing email reported,alice,2025-10-23 05:47:05
2024-10-16,Ransomware,High,Investigating,Suspicious activity detected,david,2024-12-02 01:12:37
2024-12-07,Data Breach,Critical,Open,Malware execution blocked,charlie,2024-10-06 18:06:42
2025-03-17,Insider Threat,High,Open,System compromise detected,bob,2024-06-23 13:07:58
2025-10-15,Data Breach,Medium,Closed,System compromise detected,charlie,2025-02-15 11:27:49
2024-03-09,Malware,Low,Resolved,Suspicious activity detected,frank,2025-09-19 07:06:56
2024-04-27,Insider Threat,Low,Resolved,Unauthorized access attempt,eve,2024-04-11 03:31:56
2025-08-21,Phishing,High,Investigating,Suspicious activity detected,bob,2024-01-31 14:39:55
2024-07-10,Data Breach,Low,Investigating,System compromise detected,frank,2025-10-25 20:03:54
2024-03-27,Malware,Critical,Closed,Suspicious activity detected,heidi,2023-11-26 22:13:30
2025-09-12,Data Breach,Low,Resolved,Malware execution blocked,frank,2024-01-11 03:59:27
2023-11-20,DDoS,Low,Resolved,System compromise detected,frank,2025-04-15 13:51:41
2023-12-18,Data Breach,Low,Resolved,Unauthorized access attempt,heidi,2025-09-26 22:59:20
2025-07-21,Ransomware,Low,Resolved,Phishing email reported,heidi,2024-04-18 13:02:39
2024-09-16,Malware,Low,Open,Malware execution blocked,alice,2025-01-12 05:27:30
2023-12-22,Data Breach,Critical,Closed,System compromise detected,bob,2023-12-06 01:33:34
2025-07-04,Phishing,High,Open,Phishing email reported,eve,2024-12-17 06:48:52
2024-09-10,Ransomware,Critical,Closed,Phishing email reported,david,2024-05-21 06:11:31
2025-01-15,Phishing,Medium,Closed,Malware execution blocked,charlie,2024-08-21 00:09:15
2025-05-10,Insider Threat,Critical,Open,Suspicious activity detected,charlie,2024-10-19 09:08:38
2024-12-07,Phishing,Medium,Investigating,Suspicious activity detected,frank,2023-12-04 04:54:43
2025-03-02,Insider Threat,Low,Closed,Unauthorized access attempt,charlie,2024-01-10 02:58:55
2025-02-28,Malware,Medium,Investigating,Unauthorized access attempt,grace,2025-03-08 22:48:05
2024-07-07,Phishing,Medium,Open,Phishing email reported,bob,2025-08-22 16:45:14
2025-10-06,Data Breach,Low,Investigating,Malware execution blocked,grace,2025-04-21 23:54:11
2024-04-29,Malware,High,Investigating,Phishing email reported,charlie,2025-01-24 04:17:31
2023-12-14,Phishing,Critical,Investigating,System compromise detected,grace,2023-11-27 14:00:42
2025-11-10,Insider Threat,High,Open,Phishing email reported,charlie,2025-09-16 14:27:46
2025-04-26,Data Breach,High,Closed,System compromise detected,david,2024-01-20 02:05:20
2025-10-26,Ransomware,Medium,Investigating,Phishing email reported,heidi,2025-05-30 22:34:51
2024-03-31,Phishing,Low,Investigating,Unauthorized access attempt,heidi,2025-06-13 13:51:21
2025-08-08,DDoS,Critical,Open,Malware execution blocked,alice,2023-11-23 11:01:02
2025-02-11,Insider Threat,Medium,Resolved,Suspicious activity detected,eve,2025-03-01 05:27:02
2025-02-21,DDoS,Low,Investigating,Malware execution blocked,alice,2025-09-02 07:13:49
2024-10-28,Malware,Critical,Investigating,Phishing email reported,charlie,2024-07-13 07:37:43
2025-08-13,Phishing,Medium,Resolved,Phishing email reported,david,2024-04-16 13:53:24
2024-01-24,Data Breach,Medium,Investigating,Malware execution blocked,bob,2024-06-04 20:13:37
2024-08-04,Malware,Critical,Closed,Unauthorized access attempt,heidi,2025-06-19 06:06:08
2025-06-07,Malware,Medium,Open,Malware execution blocked,alice,2025-05-06 20:59:17
2025-06-13,DDoS,Critical,Resolved,Unauthorized access attempt,grace,2024-01-27 18:24:17
2025-08-29,Insider Threat,Critical,Open,Phishing email reported,frank,2024-03-12 00:56:14
2024-05-20,Phishing,Low,Investigating,Phishing email reported,bob,2023-12-29 22:28:18
2024-02-04,Insider Threat,Critical,Investigating,Unauthorized access attempt,heidi,2024-07-06 04:12:12
2024-12-13,Ransomware,Critical,Resolved,System compromise detected,bob,2025-02-04 23:21:41
2024-12-03,Malware,Medium,Open,Unauthorized access attempt,charlie,2025-02-22 19:02:15
2025-10-25,DDoS,Low,Resolved,Phishing email reported,heidi,2024-07-07 00:29:00
2025-06-27,Insider Threat,Critical,Closed,Malware execution blocked,eve,2024-11-11 23:19:30
2025-11-11,Malware,Low,Investigating,Malware execution blocked,david,2025-03-26 22:41:40
2024-08-06,Insider Threat,Critical,Closed,Phishing email reported,grace,2025-10-06 10:30:28
2023-11-24,Insider Threat,Critical,Resolved,Suspicious activity detected,eve,2025-02-02 03:16:49
2025-10-26,Phishing,High,Investigating,Suspicious activity detected,eve,2025-09-02 03:32:50
2025-10-22,Malware,Medium,Closed,Unauthorized access attempt,eve,2024-02-15 07:39:42
2025-07-17,DDoS,Medium,Closed,System compromise detected,bob,2024-11-22 08:37:08
2024-12-19,Phishing,Medium,Resolved,System compromise detected,bob,2025-07-05 08:58:08
2025-06-01,Data Breach,High,Open,Phishing email reported,bob,2025-08-18 22:16:05
2024-06-27,Phishing,Medium,Investigating,Malware execution blocked,charlie,2024-10-09 15:16:39
2025-04-12,Malware,High,Investigating,Suspicious activity detected,grace,2024-07-16 08:12:28
2025-08-01,Malware,Medium,Open,Phishing email reported,alice,2025-06-25 10:16:23
2025-01-25,Malware,Low,Resolved,Unauthorized access attempt,grace,2024-02-10 17:17:22
2024-01-06,Malware,Low,Investigating,Unauthorized access attempt,eve,2025-06-29 18:51:54
2025-10-12,Malware,Low,Investigating,Phishing email reported,grace,2025-05-19 09:22:11
2025-04-09,Phishing,Low,Open,Unauthorized access attempt,david,2024-10-05 09:41:48
2025-01-07,Phishing,High,Resolved,Unauthorized access attempt,david,2024-11-18 00:49:10
2023-12-16,Data Breach,Medium,Open,Suspicious activity detected,grace,2024-09-13 22:25:59
2024-01-07,Phishing,Critical,Investigating,System compromise detected,eve,2024-04-11 13:19:38
2025-04-29,DDoS,Medium,Investigating,Suspicious activity detected,grace,2025-03-19 03:11:37
2024-01-09,Malware,Critical,Investigating,Phishing email reported,eve,2024-06-24 03:42:21
2025-05-20,Ransomware,Medium,Open,Suspicious activity detected,alice,2023-12-03 20:59:51
2025-03-07,Insider Threat,Medium,Resolved,System compromise detected,grace,2024-12-03 09:02:36
2024-06-28,DDoS,High,Open,Unauthorized access attempt,grace,2024-02-18 22:39:11
2024-12-16,Malware,Medium,Investigating,Phishing email reported,heidi,2025-02-02 05:59:39
2025-02-24,DDoS,Critical,Open,Phishing email reported,bob,2024-08-31 20:57:30
2024-01-01,DDoS,Medium,Closed,Malware execution blocked,charlie,2024-02-05 22:29:22
2025-05-06,Malware,High,Closed,Suspicious activity detected,bob,2025-03-27 01:24:02
2024-08-03,Malware,Critical,Closed,Malware execution blocked,heidi,2024-04-19 03:53:02