dataset_name,category,source,last_updated,record_count,file_size_mb,created_at
dataset_1,Malware Samples,On-Prem Appliance,2023-12-03,2603372,4860.33,2021-12-11 00:00:00
dataset_2,Authentication Logs,Cloud Provider,2020-05-30,439552,1482.81,2021-03-15 00:00:00
dataset_3,Malware Samples,SIEM Export,2024-03-02,4097680,1458.11,2024-10-28 00:00:00
dataset_4,Authentication Logs,Internal SOC,2022-01-23,111686,4528.04,2024-07-09 00:00:00
dataset_5,System Metrics,Cloud Provider,2023-01-13,3235653,3135.06,2021-10-22 00:00:00
dataset_6,Malware Samples,External Vendor,2022-12-25,368651,1209.72,2022-08-24 00:00:00
dataset_7,System Metrics,Cloud Provider,2020-06-15,19583,3864.6,2024-07-21 00:00:00
dataset_8,User Activity,External Vendor,2021-03-05,982096,1348.7,2022-11-21 00:00:00
dataset_9,Authentication Logs,SIEM Export,2021-08-09,3383160,1203.02,2022-01-24 00:00:00
dataset_10,Cloud Events,Open Source,2020-09-09,4072238,134.27,2021-06-25 00:00:00
dataset_11,Threat Intelligence,SIEM Export,2024-04-01,2451830,2645.6,2023-09-19 00:00:00
dataset_12,System Metrics,On-Prem Appliance,2023-03-24,759991,1603.62,2021-09-03 00:00:00
dataset_13,User Activity,Internal SOC,2021-04-02,2214180,4637.56,2021-10-17 00:00:00
dataset_14,Authentication Logs,SIEM Export,2021-08-07,2996027,1573.33,2023-10-20 00:00:00
dataset_15,System Metrics,External Vendor,2020-04-24,3147480,3751.31,2022-03-01 00:00:00
dataset_16,System Metrics,On-Prem Appliance,2020-08-03,1416826,4326.59,2022-01-25 00:00:00
dataset_17,User Activity,Open Source,2020-06-25,3746092,2621.23,2020-03-17 00:00:00
dataset_18,Malware Samples,Cloud Provider,2023-01-06,1857303,4306.67,2023-11-30 00:00:00
dataset_19,Malware Samples,Cloud Provider,2023-07-12,3130928,1706.52,2024-09-27 00:00:00
dataset_20,User Activity,Open Source,2021-11-12,4908709,3518.36,2023-08-27 00:00:00
dataset_21,Malware Samples,Open Source,2023-10-22,626995,3071.33,2023-06-12 00:00:00
dataset_22,User Activity,Open Source,2020-05-19,1481763,2695.28,2023-10-20 00:00:00
dataset_23,Threat Intelligence,Internal SOC,2020-01-26,1774571,482.15,2024-08-15 00:00:00
dataset_24,Threat Intelligence,On-Prem Appliance,2021-09-02,2265677,4868.31,2024-02-06 00:00:00
dataset_25,User Activity,Internal SOC,2020-12-01,4662355,1895.41,2022-05-20 00:00:00
dataset_26,Authentication Logs,Open Source,2023-12-09,2785571,3098.43,2022-04-10 00:00:00
dataset_27,User Activity,On-Prem Appliance,2022-02-22,999019,2971.13,2023-12-25 00:00:00
dataset_28,Network Logs,SIEM Export,2024-10-02,2966984,3808.1,2023-05-11 00:00:00
dataset_29,Threat Intelligence,Cloud Provider,2021-04-15,4528443,2245.66,2024-12-28 00:00:00
dataset_30,Malware Samples,SIEM Export,2021-11-28,3987537,2906.88,2022-03-24 00:00:00
dataset_31,System Metrics,On-Prem Appliance,2024-02-26,4927226,4867.97,2022-05-07 00:00:00
dataset_32,Network Logs,External Vendor,2024-04-14,517199,4350.67,2023-07-09 00:00:00
dataset_33,Cloud Events,External Vendor,2020-02-24,1619943,2106.58,2020-01-20 00:00:00
dataset_34,Malware Samples,External Vendor,2023-11-18,3576956,1103.91,2023-06-12 00:00:00
dataset_35,User Activity,External Vendor,2024-07-25,3302089,2232.76,2020-11-25 00:00:00
dataset_36,Threat Intelligence,On-Prem Appliance,2023-06-16,1067072,4710.02,2022-11-23 00:00:00
dataset_37,Malware Samples,Cloud Provider,2021-12-08,4764761,4141.14,2021-10-29 00:00:00
dataset_38,System Metrics,SIEM Export,2023-10-07,1405906,3778.28,2023-08-06 00:00:00
dataset_39,Threat Intelligence,On-Prem Appliance,2020-12-01,2023108,4824.81,2021-06-23 00:00:00
dataset_40,Authentication Logs,Open Source,2023-06-09,2718160,1004.66,2022-01-03 00:00:00
dataset_41,System Metrics,SIEM Export,2020-09-20,2663273,3681.12,2021-12-22 00:00:00
dataset_42,Cloud Events,External Vendor,2024-09-18,4805404,921.62,2022-06-27 00:00:00
dataset_43,User Activity,Open Source,2022-11-20,3968819,348.88,2021-04-16 00:00:00
dataset_44,User Activity,Cloud Provider,2020-09-25,4013384,4060.97,2020-11-09 00:00:00
dataset_45,System Metrics,External Vendor,2023-06-02,1154302,2879.95,2023-02-11 00:00:00
dataset_46,Threat Intelligence,SIEM Export,2022-08-11,3380929,1600.97,2020-05-07 00:00:00
dataset_47,System Metrics,External Vendor,2023-03-30,1282908,2276.02,2024-11-22 00:00:00
dataset_48,User Activity,Internal SOC,2022-04-12,29877,4025.28,2021-07-29 00:00:00
dataset_49,Malware Samples,Cloud Provider,2022-02-23,4285391,4571.92,2023-05-17 00:00:00
dataset_50,Cloud Events,Open Source,2023-11-27,4033660,3163.73,2025-05-23 00:00:00
dataset_51,Network Logs,SIEM Export,2020-01-15,65924,2991.33,2024-08-25 00:00:00
dataset_52,System Metrics,On-Prem Appliance,2022-03-26,1181707,1108,2021-05-17 00:00:00
dataset_53,Malware Samples,External Vendor,2021-05-19,1682270,116.06,2020-12-16 00:00:00
dataset_54,Threat Intelligence,Cloud Provider,2023-03-30,1371835,321.49,2024-12-06 00:00:00
dataset_55,Authentication Logs,Open Source,2021-08-04,3212950,1549.43,2020-11-27 00:00:00
dataset_56,Malware Samples,On-Prem Appliance,2021-09-14,4560115,416.06,2024-02-06 00:00:00
dataset_57,System Metrics,SIEM Export,2020-11-01,3467002,2659.3,2020-09-11 00:00:00
dataset_58,Authentication Logs,On-Prem Appliance,2024-02-01,4624335,2738.29,2023-08-17 00:00:00
dataset_59,Malware Samples,Internal SOC,2020-05-15,3192984,3557.03,2024-12-29 00:00:00
dataset_60,Threat Intelligence,External Vendor,2021-07-06,1707267,713.81,2023-05-15 00:00:00
dataset_61,Threat Intelligence,Open Source,2021-08-03,1486817,3035.41,2020-07-27 00:00:00
dataset_62,System Metrics,SIEM Export,2021-04-07,2231184,3755.44,2024-03-29 00:00:00
dataset_63,Cloud Events,SIEM Export,2023-02-16,3034369,1977.21,2025-03-31 00:00:00
dataset_64,User Activity,SIEM Export,2022-07-05,1062287,1420.67,2021-12-02 00:00:00
dataset_65,Malware Samples,Internal SOC,2020-08-31,3498757,720.75,2023-09-09 00:00:00
dataset_66,Cloud Events,SIEM Export,2021-11-23,262103,2788.29,2020-08-24 00:00:00
dataset_67,Network Logs,Open Source,2021-12-02,2382508,1719.23,2025-02-15 00:00:00
dataset_68,System Metrics,Internal SOC,2024-08-05,671681,481.85,2024-06-09 00:00:00
dataset_69,Cloud Events,On-Prem Appliance,2020-04-18,4329934,3213.58,2021-06-03 00:00:00
dataset_70,Authentication Logs,Cloud Provider,2022-04-17,2623527,4629.63,2020-09-01 00:00:00
dataset_71,Cloud Events,On-Prem Appliance,2020-12-30,390532,3596.91,2021-08-26 00:00:00
dataset_72,System Metrics,On-Prem Appliance,2022-01-24,2481813,369.41,2022-05-05 00:00:00
dataset_73,Network Logs,On-Prem Appliance,2020-10-10,3135491,698.7,2021-12-31 00:00:00
dataset_74,User Activity,Internal SOC,2020-10-27,4590709,3666.04,2020-06-03 00:00:00
dataset_75,Malware Samples,Open Source,2020-02-25,4773536,2662.47,2024-10-15 00:00:00
dataset_76,Cloud Events,Cloud Provider,2024-01-28,2234432,4446.75,2021-12-19 00:00:00
dataset_77,Malware Samples,SIEM Export,2023-01-02,1263372,4333.57,2021-07-25 00:00:00
dataset_78,Cloud Events,Internal SOC,2022-08-10,4930262,2124.92,2022-07-24 00:00:00
dataset_79,Cloud Events,External Vendor,2023-08-03,33998,4123.29,2024-06-06 00:00:00
dataset_80,Authentication Logs,External Vendor,2023-01-04,181257,3779.86,2022-02-06 00:00:00
dataset_81,System Metrics,External Vendor,2022-11-24,2594099,4470.38,2024-06-24 00:00:00
dataset_82,Threat Intelligence,SIEM Export,2021-04-28,2225702,536.06,2024-11-25 00:00:00
dataset_83,Authentication Logs,Internal SOC,2020-07-02,129274,896.9,2020-01-24 00:00:00
dataset_84,Authentication Logs,External Vendor,2022-01-15,1448620,863.48,2023-06-22 00:00:00
dataset_85,Threat Intelligence,Open Source,2023-05-01,4744535,4460.54,2020-06-11 00:00:00
dataset_86,Threat Intelligence,SIEM Export,2020-09-12,2705244,250.41,2025-01-03 00:00:00
dataset_87,Network Logs,Open Source,2020-05-04,3929471,2226.06,2023-11-25 00:00:00
dataset_88,System Metrics,Internal SOC,2021-10-02,4635492,4803.48,2020-01-19 00:00:00
dataset_89,Authentication Logs,Open Source,2020-01-30,726571,3917.64,2024-04-04 00:00:00
dataset_90,System Metrics,Internal SOC,2023-07-19,3262300,1562.81,2024-09-01 00:00:00
dataset_91,Malware Samples,On-Prem Appliance,2022-10-05,622514,2469.97,2021-07-27 00:00:00
dataset_92,System Metrics,Cloud Provider,2023-06-15,3419399,204.22,2020-05-26 00:00:00
dataset_93,System Metrics,SIEM Export,2022-07-23,2113135,2725.57,2022-02-04 00:00:00
dataset_94,Malware Samples,Cloud Provider,2024-07-13,3273933,3370.51,2020-11-01 00:00:00
dataset_95,Authentication Logs,Open Source,2020-01-11,1003272,2729.99,2025-05-12 00:00:00
dataset_96,Authentication Logs,Internal SOC,2022-10-13,2019514,1136.07,2022-12-18 00:00:00
dataset_97,Authentication Logs,On-Prem Appliance,2022-12-29,4244072,2450.74,2021-03-24 00:00:00
dataset_98,Network Logs,On-Prem Appliance,2021-08-03,1355291,1980.47,2023-02-05 00:00:00
dataset_99,User Activity,On-Prem Appliance,2021-10-05,78480,3286.57,2021-03-10 00:00:00
dataset_100,User Activity,Cloud Provider,2021-04-26,3207128,3059.93,2022-05-08 00:00:00
dataset_101,Cloud Events,External Vendor,2022-01-31,1722783,4331.51,2021-04-12 00:00:00
dataset_102,Threat Intelligence,On-Prem Appliance,2021-01-11,4792180,10.34,2021-05-16 00:00:00
dataset_103,Cloud Events,SIEM Export,2021-01-24,3413199,275.16,2022-03-25 00:00:00
dataset_104,Threat Intelligence,Internal SOC,2020-07-14,69746,1980.97,2021-01-20 00:00:00
dataset_105,System Metrics,Open Source,2024-03-22,734847,3301.63,2023-02-28 00:00:00
dataset_106,Threat Intelligence,Internal SOC,2023-11-05,4278640,238.65,2025-02-20 00:00:00
dataset_107,Malware Samples,External Vendor,2023-05-28,4283507,3963.69,2022-02-26 00:00:00
dataset_108,User Activity,Internal SOC,2020-10-27,4247302,2088.97,2021-06-21 00:00:00
dataset_109,Cloud Events,External Vendor,2023-07-11,3753569,1163.19,2024-02-02 00:00:00
dataset_110,User Activity,Open Source,2021-06-08,4948817,4306.55,2021-06-19 00:00:00
dataset_111,Network Logs,External Vendor,2020-05-09,277800,980.97,2024-02-16 00:00:00
dataset_112,Network Logs,Open Source,2021-04-01,1934734,599.67,2024-06-30 00:00:00
dataset_113,Threat Intelligence,Internal SOC,2022-06-23,283039,1446.1,2024-11-26 00:00:00
dataset_114,System Metrics,SIEM Export,2020-04-16,898351,2123.75,2020-02-28 00:00:00
dataset_115,Threat Intelligence,Open Source,2024-04-09,2422626,2921.82,2024-11-11 00:00:00
dataset_116,Threat Intelligence,On-Prem Appliance,2024-08-30,2529836,2949.57,2020-02-16 00:00:00
dataset_117,Authentication Logs,Cloud Provider,2021-10-25,2662403,4332.14,2024-11-08 00:00:00
dataset_118,System Metrics,External Vendor,2021-08-30,3473869,1403.24,2024-06-02 00:00:00
dataset_119,Authentication Logs,Open Source,2024-11-11,3500285,1555.43,2023-01-10 00:00:00
dataset_120,System Metrics,External Vendor,2023-04-15,1825455,2707.74,2021-05-19 00:00:00
dataset_121,Malware Samples,External Vendor,2021-10-30,4975659,492.46,2020-02-20 00:00:00
dataset_122,Cloud Events,Open Source,2021-03-28,814937,2002.38,2023-12-07 00:00:00
dataset_123,User Activity,Open Source,2024-10-24,3298584,440.91,2022-09-10 00:00:00
dataset_124,System Metrics,Internal SOC,2023-11-05,2043994,635.9,2022-08-05 00:00:00
dataset_125,Authentication Logs,External Vendor,2021-06-25,2480734,2245.48,2022-10-27 00:00:00
dataset_126,Cloud Events,External Vendor,2020-02-26,1915469,1074.5,2023-07-08 00:00:00
dataset_127,Network Logs,SIEM Export,2024-01-23,1421413,4214.43,2020-10-28 00:00:00
dataset_128,Malware Samples,SIEM Export,2024-01-12,3488597,937.24,2020-11-09 00:00:00
dataset_129,Authentication Logs,External Vendor,2020-07-17,725814,4719.22,2020-11-18 00:00:00
dataset_130,Threat Intelligence,SIEM Export,2020-03-20,2650260,3637.61,2024-05-04 00:00:00
dataset_131,Malware Samples,SIEM Export,2023-09-03,4257183,1283.51,2022-10-13 00:00:00
dataset_132,System Metrics,External Vendor,2021-04-16,3783124,4042.55,2024-11-13 00:00:00
dataset_133,System Metrics,Internal SOC,2020-09-01,3683492,4163.3,2021-04-28 00:00:00
dataset_134,Threat Intelligence,SIEM Export,2021-08-10,218498,4395.72,2021-08-04 00:00:00
dataset_135,User Activity,External Vendor,2024-01-24,1336278,1677.13,2020-08-23 00:00:00
dataset_136,User Activity,Open Source,2020-02-21,2402743,2717.71,2021-07-10 00:00:00
dataset_137,Network Logs,Open Source,2020-09-10,3952155,4560.58,2021-03-18 00:00:00
dataset_138,System Metrics,SIEM Export,2023-11-21,794512,3714.95,2025-05-21 00:00:00
dataset_139,System Metrics,On-Prem Appliance,2022-06-08,1757551,15.69,2023-09-23 00:00:00
dataset_140,Malware Samples,On-Prem Appliance,2020-05-05,3808344,2444.38,2024-05-04 00:00:00
dataset_141,Threat Intelligence,External Vendor,2023-10-07,4464428,3753.08,2023-09-08 00:00:00
dataset_142,Malware Samples,Cloud Provider,2021-01-17,1797074,3307.65,2022-11-02 00:00:00
dataset_143,Cloud Events,Internal SOC,2024-08-31,1146132,1193.48,2024-03-26 00:00:00
dataset_144,Authentication Logs,SIEM Export,2024-01-23,4101090,4840.41,2023-11-27 00:00:00
dataset_145,Cloud Events,On-Prem Appliance,2023-04-08,208471,3326.25,2024-12-01 00:00:00
dataset_146,Threat Intelligence,On-Prem Appliance,2024-11-06,2841988,2667.91,2025-03-12 00:00:00
dataset_147,Authentication Logs,External Vendor,2021-01-09,4851294,1703.46,2022-05-12 00:00:00
dataset_148,System Metrics,SIEM Export,2020-03-26,2397577,2202.02,2021-08-08 00:00:00
dataset_149,Authentication Logs,SIEM Export,2023-09-29,3374936,2531.82,2023-04-25 00:00:00
dataset_150,Malware Samples,Internal SOC,2023-04-25,4977715,3133.1,2023-05-14 00:00:00
dataset_151,System Metrics,External Vendor,2021-03-11,4320062,4870.23,2020-07-12 00:00:00
dataset_152,Network Logs,External Vendor,2022-03-30,3976855,3166.13,2023-05-21 00:00:00
dataset_153,Cloud Events,Internal SOC,2023-08-02,308126,1379.1,2022-04-20 00:00:00
dataset_154,User Activity,Open Source,2024-11-27,1476399,4924.82,2020-07-03 00:00:00
dataset_155,Network Logs,Cloud Provider,2021-02-13,2819287,178.02,2021-06-24 00:00:00
dataset_156,User Activity,External Vendor,2022-05-24,1523235,3616.46,2021-04-09 00:00:00
dataset_157,Network Logs,External Vendor,2020-02-11,4673081,274.25,2024-10-21 00:00:00
dataset_158,Threat Intelligence,SIEM Export,2021-03-26,2547307,4491.33,2021-11-13 00:00:00
dataset_159,Authentication Logs,Open Source,2021-08-21,4008870,2907.65,2021-09-23 00:00:00
dataset_160,Authentication Logs,External Vendor,2023-09-26,3292734,1398.7,2022-10-06 00:00:00
dataset_161,Network Logs,Open Source,2021-02-13,3928912,4224.99,2024-10-10 00:00:00
dataset_162,Network Logs,Internal SOC,2023-07-18,4912089,3605.98,2020-11-10 00:00:00
dataset_163,Network Logs,Open Source,2022-09-21,3322339,561.55,2023-12-31 00:00:00
dataset_164,User Activity,SIEM Export,2020-06-20,2934603,1656.6,2020-07-06 00:00:00
dataset_165,System Metrics,Cloud Provider,2024-04-09,1401525,2127.92,2022-08-05 00:00:00
dataset_166,Network Logs,External Vendor,2024-09-14,1693125,817.03,2020-07-04 00:00:00
dataset_167,Network Logs,Open Source,2020-05-09,1623688,3997.02,2020-05-13 00:00:00
dataset_168,User Activity,SIEM Export,2022-09-29,60085,2657.46,2020-11-18 00:00:00
dataset_169,Threat Intelligence,Internal SOC,2023-03-06,2900476,4990.76,2024-05-22 00:00:00
dataset_170,Authentication Logs,On-Prem Appliance,2020-08-07,4189121,2764.4,2022-06-07 00:00:00
dataset_171,User Activity,Open Source,2024-10-14,1296153,4092.48,2021-07-03 00:00:00
dataset_172,Authentication Logs,Cloud Provider,2020-10-13,3071408,4418.16,2024-01-03 00:00:00
dataset_173,User Activity,Internal SOC,2022-01-16,2529223,897.89,2021-06-02 00:00:00
dataset_174,Malware Samples,Internal SOC,2023-11-14,3118676,1140.44,2024-08-19 00:00:00
dataset_175,Network Logs,SIEM Export,2021-12-21,73875,2628.16,2022-09-08 00:00:00
dataset_176,User Activity,Open Source,2024-05-25,1956415,1596.99,2025-04-05 00:00:00
dataset_177,Authentication Logs,Open Source,2023-10-08,2555913,4248.85,2024-09-21 00:00:00
dataset_178,Threat Intelligence,External Vendor,2022-02-23,307770,1524.66,2024-04-06 00:00:00
dataset_179,User Activity,Open Source,2023-12-14,2510116,4981.21,2023-09-25 00:00:00
dataset_180,Cloud Events,Internal SOC,2023-12-13,4409017,2961.98,2025-03-19 00:00:00
dataset_181,System Metrics,Internal SOC,2022-07-23,2117557,4688.15,2024-04-11 00:00:00
dataset_182,Malware Samples,Open Source,2021-04-04,201807,2555.72,2023-01-07 00:00:00
dataset_183,Threat Intelligence,Internal SOC,2023-12-12,1994242,3633.55,2024-04-17 00:00:00
dataset_184,Threat Intelligence,External Vendor,2020-05-19,4665971,2024.85,2023-05-18 00:00:00
dataset_185,Threat Intelligence,Open Source,2023-02-11,1841600,1404.05,2021-12-27 00:00:00
dataset_186,Network Logs,Cloud Provider,2023-08-26,4202177,3148.07,2023-06-15 00:00:00
dataset_187,Authentication Logs,Open Source,2023-04-30,3206296,1504.9,2021-01-19 00:00:00
dataset_188,Network Logs,On-Prem Appliance,2024-11-12,2431093,3960.44,2020-10-17 00:00:00
dataset_189,Malware Samples,SIEM Export,2022-12-22,3468247,485.66,2023-11-16 00:00:00
dataset_190,System Metrics,Cloud Provider,2024-01-25,3588576,1964.94,2024-08-20 00:00:00
dataset_191,Malware Samples,Open Source,2022-04-08,4476065,1302.32,2020-11-30 00:00:00
dataset_192,Threat Intelligence,Open Source,2020-02-17,4501868,1893.57,2022-06-16 00:00:00
dataset_193,Cloud Events,On-Prem Appliance,2022-10-14,1716768,4577.62,2023-02-02 00:00:00
dataset_194,Cloud Events,Open Source,2020-05-17,3792147,1460.49,2024-11-08 00:00:00
dataset_195,User Activity,Open Source,2023-05-27,1595080,3692.67,2022-12-20 00:00:00
dataset_196,Network Logs,Cloud Provider,2022-10-30,1043493,2136.64,2022-05-29 00:00:00
dataset_197,Authentication Logs,SIEM Export,2023-01-14,3644450,92.82,2021-12-03 00:00:00
dataset_198,System Metrics,Cloud Provider,2023-11-18,2004339,3386.7,2022-01-02 00:00:00
dataset_199,Threat Intelligence,External Vendor,2022-12-20,1902755,3321.6,2022-01-24 00:00:00
dataset_200,Cloud Events,On-Prem Appliance,2022-10-04,4947932,2141.38,2020-07-26 00:00:00
dataset_201,Malware Samples,On-Prem Appliance,2021-10-22,4209900,4030.86,2021-09-17 00:00:00
dataset_202,Network Logs,On-Prem Appliance,2022-11-06,4946350,4227.35,2025-05-23 00:00:00
dataset_203,Threat Intelligence,Open Source,2022-04-14,2424442,49.18,2023-05-12 00:00:00
dataset_204,Threat Intelligence,Open Source,2023-09-16,192678,337,2022-05-24 00:00:00
dataset_205,Cloud Events,Internal SOC,2022-05-31,3050525,3930.93,2022-01-07 00:00:00
dataset_206,Threat Intelligence,On-Prem Appliance,2024-05-11,3462270,2463.66,2022-10-17 00:00:00
dataset_207,Network Logs,Cloud Provider,2022-08-05,1327162,4792.6,2022-03-03 00:00:00
dataset_208,Authentication Logs,Open Source,2023-07-28,4967321,16.9,2021-08-12 00:00:00
dataset_209,User Activity,Internal SOC,2021-06-07,137888,2358.92,2023-12-04 00:00:00
dataset_210,Malware Samples,External Vendor,2022-07-18,4531596,2072.34,2023-04-16 00:00:00
dataset_211,Network Logs,Open Source,2021-07-14,87457,1118.76,2021-10-05 00:00:00
dataset_212,Malware Samples,On-Prem Appliance,2023-12-04,2153499,3181.19,2024-09-30 00:00:00
dataset_213,Threat Intelligence,On-Prem Appliance,2020-04-30,3952636,2771.22,2025-05-10 00:00:00
dataset_214,Threat Intelligence,Cloud Provider,2023-05-11,3816112,532.7,2020-05-26 00:00:00
dataset_215,Threat Intelligence,Open Source,2020-11-22,3778367,1310.91,2024-10-03 00:00:00
dataset_216,Malware Samples,Open Source,2020-05-15,4973122,1471.63,2022-10-01 00:00:00
dataset_217,Authentication Logs,On-Prem Appliance,2020-10-09,127726,3689.65,2022-09-18 00:00:00
dataset_218,Threat Intelligence,SIEM Export,2021-09-02,3408259,4733.12,2020-06-20 00:00:00
dataset_219,Authentication Logs,Internal SOC,2021-07-17,4735619,790.57,2025-03-29 00:00:00
dataset_220,System Metrics,External Vendor,2024-06-25,4252911,3044.72,2021-04-28 00:00:00
dataset_221,Malware Samples,Internal SOC,2022-09-27,908227,464.59,2025-02-08 00:00:00
dataset_222,Malware Samples,External Vendor,2020-03-29,1822729,769.25,2020-01-30 00:00:00
dataset_223,Cloud Events,Internal SOC,2022-08-10,1420744,169.38,2021-07-27 00:00:00
dataset_224,Authentication Logs,SIEM Export,2021-12-01,824879,2831.54,2022-10-16 00:00:00
dataset_225,Malware Samples,Cloud Provider,2020-04-11,2799435,1442.22,2023-07-27 00:00:00
dataset_226,Cloud Events,SIEM Export,2023-09-09,4360909,2171.09,2025-05-15 00:00:00
dataset_227,Network Logs,On-Prem Appliance,2022-01-23,1821796,3135.92,2020-03-24 00:00:00
dataset_228,Cloud Events,Cloud Provider,2024-03-06,2628743,1545.46,2021-03-25 00:00:00
dataset_229,Malware Samples,On-Prem Appliance,2024-12-01,1727902,546.36,2023-10-15 00:00:00
dataset_230,Threat Intelligence,SIEM Export,2020-03-24,3303904,2555.82,2021-04-10 00:00:00
dataset_231,Network Logs,Internal SOC,2023-01-20,1326817,4252.52,2023-06-16 00:00:00
dataset_232,Network Logs,Open Source,2023-02-03,511535,2787.82,2020-10-07 00:00:00
dataset_233,Network Logs,Internal SOC,2023-02-05,4743160,175.1,2024-12-29 00:00:00
dataset_234,Cloud Events,Open Source,2022-07-18,1623450,4904.64,2022-09-26 00:00:00
dataset_235,Threat Intelligence,External Vendor,2024-05-26,1237951,1091.46,2022-03-08 00:00:00
dataset_236,Cloud Events,SIEM Export,2020-03-15,1366138,3397.87,2021-12-07 00:00:00
dataset_237,Network Logs,External Vendor,2023-10-31,531596,4693.43,2020-03-09 00:00:00
dataset_238,Cloud Events,Cloud Provider,2022-07-09,2575074,2646.46,2021-09-21 00:00:00
dataset_239,Threat Intelligence,Internal SOC,2022-09-15,1983747,167.53,2022-04-17 00:00:00
dataset_240,Authentication Logs,SIEM Export,2020-01-27,4506109,3457.52,2020-01-18 00:00:00
dataset_241,Network Logs,Cloud Provider,2021-05-31,2006761,1486.62,2021-03-03 00:00:00
dataset_242,Malware Samples,Cloud Provider,2023-03-18,1421343,3167.65,2020-05-24 00:00:00
dataset_243,User Activity,Cloud Provider,2024-08-27,1503712,852.41,2025-01-28 00:00:00
dataset_244,Network Logs,Internal SOC,2020-08-19,1197781,4298.86,2021-12-21 00:00:00
dataset_245,Network Logs,SIEM Export,2024-08-16,2495544,2676.31,2021-04-03 00:00:00
dataset_246,Authentication Logs,Internal SOC,2022-05-18,621925,2465.98,2023-06-18 00:00:00
dataset_247,Threat Intelligence,External Vendor,2024-03-25,395829,3650.97,2024-12-27 00:00:00
dataset_248,Cloud Events,Cloud Provider,2021-12-23,4010520,1006.57,2023-08-10 00:00:00
dataset_249,Cloud Events,SIEM Export,2022-11-19,506320,391.69,2025-05-21 00:00:00
dataset_250,User Activity,External Vendor,2024-04-30,2987015,4193.3,2024-04-24 00:00:00
dataset_251,Cloud Events,SIEM Export,2022-11-26,2429144,386.73,2024-07-16 00:00:00
dataset_252,System Metrics,Open Source,2020-09-23,3827647,4264.85,2022-09-08 00:00:00
dataset_253,Network Logs,Cloud Provider,2022-01-27,4352152,1259.13,2024-12-07 00:00:00
dataset_254,Threat Intelligence,Open Source,2020-10-30,2840260,4146.6,2021-01-28 00:00:00
dataset_255,System Metrics,External Vendor,2024-08-22,724613,1488.3,2021-09-10 00:00:00
dataset_256,Cloud Events,SIEM Export,2020-11-25,3782425,4915.18,2024-10-27 00:00:00
dataset_257,Malware Samples,Cloud Provider,2022-08-17,3676422,1949.79,2023-10-25 00:00:00
dataset_258,Cloud Events,External Vendor,2020-05-13,663193,524.55,2022-07-28 00:00:00
dataset_259,Authentication Logs,External Vendor,2021-02-22,4684366,337.71,2021-05-27 00:00:00
dataset_260,Threat Intelligence,Cloud Provider,2024-06-25,2699309,233.48,2023-11-04 00:00:00
dataset_261,Threat Intelligence,Cloud Provider,2022-03-08,464898,669.35,2021-04-29 00:00:00
dataset_262,System Metrics,SIEM Export,2023-04-16,1879984,1394.74,2022-11-23 00:00:00
dataset_263,Cloud Events,Cloud Provider,2020-10-27,2401485,782.64,2022-07-06 00:00:00
dataset_264,Cloud Events,Cloud Provider,2020-03-27,3151703,531.99,2022-02-09 00:00:00
dataset_265,System Metrics,Cloud Provider,2023-02-20,3271231,4058.24,2024-08-19 00:00:00
dataset_266,User Activity,SIEM Export,2020-09-06,28536,4509.95,2023-08-10 00:00:00
dataset_267,System Metrics,Internal SOC,2022-01-12,2758924,419.78,2023-12-13 00:00:00
dataset_268,System Metrics,External Vendor,2021-09-05,491372,1694.88,2025-03-31 00:00:00
dataset_269,Cloud Events,Cloud Provider,2022-05-30,2865020,3934.73,2022-08-23 00:00:00
dataset_270,Authentication Logs,Internal SOC,2024-05-05,4444212,4280.61,2022-11-16 00:00:00
dataset_271,Network Logs,Internal SOC,2020-08-06,4980371,169.51,2022-04-27 00:00:00
dataset_272,System Metrics,External Vendor,2024-04-22,3505143,1767.19,2023-08-23 00:00:00
dataset_273,Authentication Logs,On-Prem Appliance,2023-03-17,3445278,414.84,2023-03-31 00:00:00
dataset_274,System Metrics,On-Prem Appliance,2024-06-18,1582896,4508.43,2024-03-25 00:00:00
dataset_275,System Metrics,Cloud Provider,2021-09-11,163675,3717.53,2024-06-03 00:00:00
dataset_276,Cloud Events,External Vendor,2021-07-10,2636900,817.37,2024-08-16 00:00:00
dataset_277,Malware Samples,External Vendor,2022-07-26,4508899,123.24,2022-10-08 00:00:00
dataset_278,Malware Samples,On-Prem Appliance,2023-07-01,4374308,232.11,2021-11-15 00:00:00
dataset_279,System Metrics,External Vendor,2023-10-31,4967245,2821.89,2023-06-18 00:00:00
dataset_280,User Activity,External Vendor,2023-05-04,3472325,3179.87,2021-08-06 00:00:00
dataset_281,Threat Intelligence,SIEM Export,2022-11-10,4988163,3837.6,2023-02-28 00:00:00
dataset_282,Network Logs,Cloud Provider,2022-03-07,194579,1297.97,2024-04-08 00:00:00
dataset_283,Malware Samples,Cloud Provider,2022-04-01,3359858,1800.74,2024-11-15 00:00:00
dataset_284,System Metrics,SIEM Export,2020-10-27,930628,542.86,2020-11-07 00:00:00
dataset_285,User Activity,Open Source,2022-08-16,4044297,57.88,2022-10-09 00:00:00
dataset_286,System Metrics,Open Source,2020-06-05,4324699,4254.71,2021-04-19 00:00:00
dataset_287,System Metrics,Cloud Provider,2021-12-20,3369789,1784.5,2020-07-03 00:00:00
dataset_288,Malware Samples,SIEM Export,2024-06-27,2750614,1728.09,2023-08-30 00:00:00
dataset_289,Authentication Logs,SIEM Export,2024-07-17,343816,4927.04,2025-01-30 00:00:00
dataset_290,Malware Samples,On-Prem Appliance,2022-12-26,1635944,4353.47,2022-10-09 00:00:00
dataset_291,Authentication Logs,Internal SOC,2023-10-29,714917,77.48,2023-08-06 00:00:00
dataset_292,System Metrics,Open Source,2023-04-04,4195733,4011.54,2023-12-07 00:00:00
dataset_293,Authentication Logs,On-Prem Appliance,2021-08-31,3233171,2851.43,2025-03-12 00:00:00
dataset_294,Malware Samples,External Vendor,2023-06-14,2862499,1234.27,2023-06-11 00:00:00
dataset_295,Threat Intelligence,SIEM Export,2021-03-03,4592027,161.45,2021-12-28 00:00:00
dataset_296,Threat Intelligence,External Vendor,2024-05-20,861840,2455.08,2023-02-01 00:00:00
dataset_297,User Activity,External Vendor,2023-11-18,601686,3927.03,2024-11-17 00:00:00
dataset_298,System Metrics,SIEM Export,2024-11-08,223783,4109.43,2025-03-01 00:00:00
dataset_299,System Metrics,Internal SOC,2023-06-26,2626042,157.86,2024-08-01 00:00:00
dataset_300,User Activity,Cloud Provider,2022-11-04,916937,1904.66,2022-08-30 00:00:00
dataset_301,Cloud Events,SIEM Export,2024-11-15,4698739,1787.47,2022-03-02 00:00:00
dataset_302,User Activity,SIEM Export,2021-01-30,185003,2701.5,2022-09-02 00:00:00
dataset_303,Cloud Events,On-Prem Appliance,2023-01-02,4351666,2299.27,2024-10-15 00:00:00
dataset_304,Malware Samples,SIEM Export,2020-01-09,4164223,1747.76,2020-07-30 00:00:00
dataset_305,User Activity,Open Source,2024-07-30,1791035,1949.94,2023-07-10 00:00:00
dataset_306,Threat Intelligence,Internal SOC,2024-06-14,3992970,2068.9,2024-08-14 00:00:00
dataset_307,Threat Intelligence,Cloud Provider,2022-06-07,2544789,4600.73,2020-07-01 00:00:00
dataset_308,Cloud Events,SIEM Export,2021-09-02,1110697,1362.84,2025-03-31 00:00:00
dataset_309,Network Logs,SIEM Export,2024-06-29,489937,3308.18,2024-08-06 00:00:00
dataset_310,System Metrics,Open Source,2020-12-26,4222162,3473.71,2022-02-14 00:00:00
dataset_311,Cloud Events,SIEM Export,2023-10-20,1714209,623.78,2023-03-19 00:00:00
dataset_312,Network Logs,Cloud Provider,2022-09-08,4627958,4901.52,2024-08-21 00:00:00
dataset_313,Network Logs,Internal SOC,2023-01-23,3200652,2547.7,2025-04-21 00:00:00
dataset_314,Network Logs,Cloud Provider,2020-10-13,1731261,1564.93,2024-09-25 00:00:00
dataset_315,Authentication Logs,External Vendor,2023-04-25,1215040,2339.26,2023-08-31 00:00:00
dataset_316,Network Logs,Open Source,2024-09-16,4776740,4084.88,2025-01-05 00:00:00
dataset_317,Malware Samples,Internal SOC,2024-01-07,2405524,4576.69,2021-08-16 00:00:00
dataset_318,Malware Samples,Open Source,2024-05-23,3466536,264.15,2020-05-01 00:00:00
dataset_319,Threat Intelligence,Open Source,2021-03-17,978068,2533.19,2024-10-24 00:00:00
dataset_320,Threat Intelligence,External Vendor,2023-05-23,4470430,727.66,2023-01-01 00:00:00
dataset_321,Threat Intelligence,On-Prem Appliance,2023-08-27,3303042,3653.41,2023-01-20 00:00:00
dataset_322,System Metrics,On-Prem Appliance,2021-04-22,4531101,3783.4,2020-08-25 00:00:00
dataset_323,System Metrics,SIEM Export,2020-09-13,3080293,258.52,2022-03-02 00:00:00
dataset_324,Cloud Events,External Vendor,2023-12-14,2019304,2268.61,2021-03-16 00:00:00
dataset_325,Authentication Logs,SIEM Export,2022-02-14,3975623,4730.9,2022-05-02 00:00:00
dataset_326,Network Logs,Internal SOC,2022-01-30,2931798,4489.85,2022-09-18 00:00:00
dataset_327,Authentication Logs,Cloud Provider,2023-05-28,4327098,1388.18,2024-03-21 00:00:00
dataset_328,User Activity,Internal SOC,2024-01-21,1884782,3757.75,2024-03-07 00:00:00
dataset_329,Network Logs,On-Prem Appliance,2023-07-04,4755404,3210,2022-01-14 00:00:00
dataset_330,Network Logs,Cloud Provider,2021-04-15,4263362,2514.77,2023-01-01 00:00:00
dataset_331,Threat Intelligence,Cloud Provider,2020-08-29,767308,3524.44,2023-07-26 00:00:00
dataset_332,Cloud Events,SIEM Export,2022-09-23,4998874,4528.59,2021-04-04 00:00:00
dataset_333,Network Logs,Open Source,2023-08-07,1440093,3089.27,2022-06-10 00:00:00
dataset_334,User Activity,Cloud Provider,2023-01-09,2188403,4048.52,2020-12-14 00:00:00
dataset_335,Cloud Events,Cloud Provider,2023-12-29,3888337,3015.31,2023-01-10 00:00:00
dataset_336,Cloud Events,Internal SOC,2023-11-10,3940035,1626.6,2020-02-22 00:00:00
dataset_337,System Metrics,Internal SOC,2023-06-24,3383439,2444.81,2020-02-13 00:00:00
dataset_338,Threat Intelligence,External Vendor,2020-09-02,417999,2924.92,2024-11-21 00:00:00
dataset_339,Malware Samples,Internal SOC,2020-11-22,4444332,1193.25,2022-12-24 00:00:00
dataset_340,Malware Samples,External Vendor,2022-08-01,3597034,85.92,2024-12-27 00:00:00
dataset_341,User Activity,Internal SOC,2020-04-30,1951900,3372.77,2025-02-08 00:00:00
dataset_342,Network Logs,On-Prem Appliance,2021-04-20,3967139,669.58,2020-10-15 00:00:00
dataset_343,System Metrics,Open Source,2020-12-21,4117315,3106.09,2020-02-19 00:00:00
dataset_344,Authentication Logs,External Vendor,2024-07-14,97079,2178.8,2024-06-13 00:00:00
dataset_345,Authentication Logs,Cloud Provider,2022-06-19,116312,2404.76,2022-12-26 00:00:00
dataset_346,User Activity,Open Source,2023-06-30,1453639,4820.53,2020-07-06 00:00:00
dataset_347,Authentication Logs,Cloud Provider,2021-11-08,2787131,3470.96,2021-03-29 00:00:00
dataset_348,System Metrics,Cloud Provider,2021-08-01,2280615,4265,2021-08-14 00:00:00
dataset_349,Malware Samples,On-Prem Appliance,2022-12-16,4184916,2452.52,2020-07-25 00:00:00
dataset_350,Cloud Events,On-Prem Appliance,2021-08-27,72999,1554.02,2022-08-11 00:00:00
dataset_351,User Activity,Internal SOC,2020-01-24,736161,3695.14,2023-08-11 00:00:00
dataset_352,Cloud Events,SIEM Export,2022-07-05,2908748,3778.14,2021-02-27 00:00:00
dataset_353,Threat Intelligence,External Vendor,2024-04-03,1576167,1735.06,2025-04-28 00:00:00
dataset_354,Network Logs,Cloud Provider,2024-01-03,4439436,3164.23,2023-05-20 00:00:00
dataset_355,User Activity,SIEM Export,2023-02-11,3434836,2246.8,2024-10-20 00:00:00
dataset_356,Authentication Logs,External Vendor,2023-06-27,1325461,3069.87,2021-11-17 00:00:00
dataset_357,System Metrics,SIEM Export,2020-11-27,2131279,96.9,2025-05-10 00:00:00
dataset_358,User Activity,Internal SOC,2024-08-31,3555862,4712.99,2020-02-21 00:00:00
dataset_359,Threat Intelligence,External Vendor,2020-08-22,1556343,269.64,2022-12-26 00:00:00
dataset_360,Malware Samples,Open Source,2024-07-04,4883346,2051.29,2022-08-05 00:00:00
dataset_361,Authentication Logs,Open Source,2021-06-22,3450614,4134.75,2020-06-03 00:00:00
dataset_362,Authentication Logs,External Vendor,2020-11-30,4794533,2105.53,2025-01-14 00:00:00
dataset_363,Malware Samples,On-Prem Appliance,2024-06-06,2399069,808.28,2023-02-27 00:00:00
dataset_364,Threat Intelligence,Internal SOC,2024-06-17,766864,61.9,2020-07-07 00:00:00
dataset_365,User Activity,External Vendor,2023-05-01,3080706,4755.46,2023-03-11 00:00:00
dataset_366,Malware Samples,Internal SOC,2022-07-11,4704516,4677.71,2023-07-15 00:00:00
dataset_367,Malware Samples,Open Source,2021-09-05,2993295,2241.63,2020-01-31 00:00:00
dataset_368,Authentication Logs,External Vendor,2022-01-23,974322,3171.47,2024-09-02 00:00:00
dataset_369,Authentication Logs,On-Prem Appliance,2023-08-02,384893,2116.09,2024-05-09 00:00:00
dataset_370,Network Logs,Cloud Provider,2024-12-01,2812550,4045.73,2020-04-19 00:00:00
dataset_371,Malware Samples,Internal SOC,2024-08-20,1946597,412.43,2022-06-05 00:00:00
dataset_372,Network Logs,Open Source,2022-03-27,2354347,3011.88,2020-06-13 00:00:00
dataset_373,Network Logs,SIEM Export,2020-04-01,904708,4881.06,2022-12-01 00:00:00
dataset_374,Threat Intelligence,Open Source,2024-08-05,83165,2186.99,2022-06-30 00:00:00
dataset_375,Threat Intelligence,Cloud Provider,2023-11-25,4723751,4854.4,2020-06-24 00:00:00
dataset_376,Cloud Events,Internal SOC,2023-07-14,521968,4798.38,2020-02-20 00:00:00
dataset_377,System Metrics,Internal SOC,2024-02-21,2979794,2040.55,2021-09-06 00:00:00
dataset_378,Threat Intelligence,SIEM Export,2020-11-17,4791080,4920.35,2023-08-20 00:00:00
dataset_379,Cloud Events,External Vendor,2022-01-10,3991660,410.99,2023-06-22 00:00:00
dataset_380,Authentication Logs,Internal SOC,2021-05-30,968747,175.62,2024-07-07 00:00:00
dataset_381,Threat Intelligence,On-Prem Appliance,2023-12-11,103733,117.81,2025-04-29 00:00:00
dataset_382,System Metrics,Internal SOC,2020-04-07,4310059,3940.09,2023-01-14 00:00:00
dataset_383,User Activity,SIEM Export,2021-10-01,947318,4982.96,2020-09-14 00:00:00
dataset_384,Malware Samples,Open Source,2022-06-25,4023756,2605.78,2022-12-31 00:00:00
dataset_385,Network Logs,Internal SOC,2024-03-16,2394059,1487.24,2024-10-02 00:00:00
dataset_386,User Activity,Open Source,2024-02-11,2177142,4695.91,2020-09-11 00:00:00
dataset_387,Malware Samples,External Vendor,2023-06-19,4363269,3368.46,2023-04-01 00:00:00
dataset_388,Authentication Logs,External Vendor,2021-03-18,2871519,1443.47,2025-01-25 00:00:00
dataset_389,User Activity,External Vendor,2023-08-18,1500766,1434.1,2022-03-18 00:00:00
dataset_390,Authentication Logs,Open Source,2020-01-10,3590899,3351.49,2023-09-13 00:00:00
dataset_391,User Activity,SIEM Export,2023-09-06,3099008,470.04,2020-10-15 00:00:00
dataset_392,Threat Intelligence,Cloud Provider,2023-10-06,3659572,383.16,2021-09-11 00:00:00
dataset_393,User Activity,Open Source,2023-03-19,1077136,2332.26,2020-04-26 00:00:00
dataset_394,Malware Samples,SIEM Export,2024-09-10,967594,4047.03,2024-02-06 00:00:00
dataset_395,Malware Samples,On-Prem Appliance,2022-02-05,3337740,419.95,2023-05-04 00:00:00
dataset_396,System Metrics,Internal SOC,2022-07-30,1753153,1231.16,2021-06-16 00:00:00
dataset_397,Authentication Logs,SIEM Export,2022-05-07,2697152,3741.78,2020-04-17 00:00:00
dataset_398,Network Logs,Internal SOC,2020-02-03,632301,1999.48,2021-03-12 00:00:00
dataset_399,Cloud Events,Open Source,2020-05-29,3473684,2907.26,2024-12-10 00:00:00
dataset_400,Cloud Events,Internal SOC,2020-06-24,3689750,1114.83,2025-05-20 00:00:00
dataset_401,Malware Samples,On-Prem Appliance,2022-08-16,3122196,2301.07,2021-07-06 00:00:00
dataset_402,Authentication Logs,SIEM Export,2023-02-23,1085365,1725.47,2020-11-18 00:00:00
dataset_403,Malware Samples,Internal SOC,2020-04-23,2205837,3189.31,2021-02-19 00:00:00
dataset_404,User Activity,External Vendor,2024-10-24,2581644,4962.94,2022-06-19 00:00:00
dataset_405,Authentication Logs,Open Source,2022-11-23,3639044,733.04,2023-07-08 00:00:00
dataset_406,Threat Intelligence,Open Source,2020-05-29,4902078,2561.9,2020-10-06 00:00:00
dataset_407,Network Logs,External Vendor,2024-04-28,1096269,4198.52,2024-10-01 00:00:00
dataset_408,Authentication Logs,Cloud Provider,2024-11-09,3316283,1119.72,2022-02-21 00:00:00
dataset_409,System Metrics,On-Prem Appliance,2020-03-05,2914105,642.67,2022-04-16 00:00:00
dataset_410,System Metrics,SIEM Export,2023-10-30,314926,1652.45,2024-09-16 00:00:00
dataset_411,Cloud Events,On-Prem Appliance,2024-02-10,4601896,505.94,2023-03-05 00:00:00
dataset_412,Threat Intelligence,Internal SOC,2020-05-15,350327,1127.35,2022-08-18 00:00:00
dataset_413,System Metrics,External Vendor,2020-01-18,4655216,407.94,2024-02-12 00:00:00
dataset_414,Malware Samples,Internal SOC,2023-09-08,3374288,3344.61,2024-05-29 00:00:00
dataset_415,Cloud Events,SIEM Export,2023-05-15,3335224,1145.06,2022-11-22 00:00:00
dataset_416,Threat Intelligence,Open Source,2023-11-06,1567854,3121.02,2020-07-18 00:00:00
dataset_417,Threat Intelligence,Open Source,2023-01-09,4389740,4351.79,2020-06-06 00:00:00
dataset_418,System Metrics,Cloud Provider,2024-05-18,1304081,1555.63,2022-06-28 00:00:00
dataset_419,Malware Samples,Internal SOC,2024-03-26,4817616,4315.34,2022-06-05 00:00:00
dataset_420,System Metrics,Cloud Provider,2022-01-13,685763,929.17,2021-01-16 00:00:00
dataset_421,Cloud Events,Cloud Provider,2020-09-25,4477481,1633.3,2025-01-10 00:00:00
dataset_422,Cloud Events,SIEM Export,2024-11-16,3633940,2885.76,2020-02-15 00:00:00
dataset_423,Network Logs,On-Prem Appliance,2020-08-02,703263,3161.15,2021-11-29 00:00:00
dataset_424,User Activity,Open Source,2020-04-11,3312690,634.38,2020-07-21 00:00:00
dataset_425,Cloud Events,On-Prem Appliance,2020-05-25,2241638,1881.11,2020-05-30 00:00:00
dataset_426,Network Logs,Cloud Provider,2024-10-29,2079303,4786.51,2022-03-18 00:00:00
dataset_427,Authentication Logs,Internal SOC,2020-06-27,1820283,903.37,2020-03-01 00:00:00
dataset_428,User Activity,Cloud Provider,2024-08-14,585394,1806.43,2020-04-08 00:00:00
dataset_429,Threat Intelligence,Open Source,2024-03-19,765396,1565,2022-03-08 00:00:00
dataset_430,Network Logs,Internal SOC,2023-12-29,4186415,1938.57,2025-05-24 00:00:00
dataset_431,Authentication Logs,External Vendor,2021-01-16,3499138,3937.14,2023-07-15 00:00:00
dataset_432,Network Logs,Cloud Provider,2021-07-18,4775455,4471.82,2020-02-21 00:00:00
dataset_433,Authentication Logs,External Vendor,2024-05-29,3251248,4072.76,2023-09-25 00:00:00
dataset_434,System Metrics,Internal SOC,2023-09-05,2232416,4000.51,2023-05-03 00:00:00
dataset_435,Cloud Events,Open Source,2022-12-12,2627976,779.6,2024-08-23 00:00:00
dataset_436,User Activity,Internal SOC,2023-02-09,3502642,4767.56,2022-09-01 00:00:00
dataset_437,Malware Samples,Cloud Provider,2023-04-24,738558,4356.89,2024-11-16 00:00:00
dataset_438,Cloud Events,Internal SOC,2021-01-29,94759,4897.88,2021-02-18 00:00:00
dataset_439,User Activity,SIEM Export,2022-09-30,1302418,2665.86,2022-04-06 00:00:00
dataset_440,Network Logs,External Vendor,2021-04-29,4568963,1418.2,2021-05-05 00:00:00
dataset_441,System Metrics,Open Source,2022-02-08,3865143,1228.84,2024-10-20 00:00:00
dataset_442,Cloud Events,Cloud Provider,2020-11-23,2144477,1018.53,2023-05-11 00:00:00
dataset_443,Cloud Events,SIEM Export,2022-04-08,4852542,3995.92,2023-08-03 00:00:00
dataset_444,Network Logs,On-Prem Appliance,2022-10-27,4025787,4096.62,2021-08-15 00:00:00
dataset_445,User Activity,SIEM Export,2021-11-13,619498,439.38,2020-04-03 00:00:00
dataset_446,Malware Samples,External Vendor,2023-07-05,306229,3276.21,2021-05-16 00:00:00
dataset_447,Threat Intelligence,Cloud Provider,2021-07-24,597770,2468.14,2025-01-28 00:00:00
dataset_448,System Metrics,Internal SOC,2020-02-20,461287,751.59,2020-03-28 00:00:00
dataset_449,Authentication Logs,Open Source,2023-12-29,4758658,3851.58,2022-06-12 00:00:00
dataset_450,System Metrics,On-Prem Appliance,2023-03-12,1965721,3721.32,2020-07-21 00:00:00
dataset_451,Network Logs,Cloud Provider,2024-03-21,1508872,3749.56,2023-04-14 00:00:00
dataset_452,System Metrics,On-Prem Appliance,2021-07-17,3044859,1227.54,2022-06-13 00:00:00
dataset_453,Cloud Events,Internal SOC,2023-06-14,1228699,2361.36,2020-11-12 00:00:00
dataset_454,Network Logs,Internal SOC,2021-06-21,2300896,4841.23,2020-04-19 00:00:00
dataset_455,System Metrics,Cloud Provider,2022-12-10,3152341,4120.27,2021-08-01 00:00:00
dataset_456,Authentication Logs,External Vendor,2023-08-14,1381875,4245.21,2020-08-24 00:00:00
dataset_457,User Activity,SIEM Export,2022-05-19,3042379,362.03,2021-08-16 00:00:00
dataset_458,Cloud Events,Internal SOC,2023-07-06,1969074,632.24,2020-04-09 00:00:00
dataset_459,System Metrics,External Vendor,2023-02-11,2047737,3836.23,2021-07-29 00:00:00
dataset_460,Cloud Events,Cloud Provider,2023-06-15,3260816,713.36,2021-08-04 00:00:00
dataset_461,User Activity,External Vendor,2023-07-24,4337070,2619.06,2021-12-30 00:00:00
dataset_462,System Metrics,Internal SOC,2022-02-07,294409,2793.77,2020-11-02 00:00:00
dataset_463,Malware Samples,On-Prem Appliance,2021-06-28,2025865,296.13,2022-06-06 00:00:00
dataset_464,Cloud Events,Cloud Provider,2023-07-28,1041484,1141.61,2022-01-25 00:00:00
dataset_465,Cloud Events,Cloud Provider,2021-09-18,3318958,1921.13,2020-12-04 00:00:00
dataset_466,Network Logs,On-Prem Appliance,2021-05-04,749596,4246.54,2024-08-07 00:00:00
dataset_467,System Metrics,Internal SOC,2020-09-07,79452,214.47,2024-02-11 00:00:00
dataset_468,Threat Intelligence,On-Prem Appliance,2021-12-16,2828433,2272.47,2020-08-20 00:00:00
dataset_469,Authentication Logs,External Vendor,2021-10-09,840022,1931.7,2023-04-09 00:00:00
dataset_470,System Metrics,Cloud Provider,2020-09-28,4047530,3364.49,2022-06-19 00:00:00
dataset_471,Network Logs,Internal SOC,2022-08-22,1708287,4158.87,2022-10-29 00:00:00
dataset_472,Threat Intelligence,External Vendor,2020-04-30,2513188,1044.66,2020-09-13 00:00:00
dataset_473,User Activity,On-Prem Appliance,2020-02-25,322869,1244.09,2020-07-25 00:00:00
dataset_474,Threat Intelligence,External Vendor,2024-02-07,2480148,2124.53,2024-08-11 00:00:00
dataset_475,Cloud Events,Open Source,2020-01-25,4726223,1924.12,2024-03-09 00:00:00
dataset_476,Authentication Logs,Internal SOC,2020-02-17,4282815,3939.42,2022-05-31 00:00:00
dataset_477,System Metrics,On-Prem Appliance,2022-06-27,390325,1993.72,2024-01-17 00:00:00
dataset_478,Cloud Events,External Vendor,2020-12-01,317955,1851.42,2024-09-24 00:00:00
dataset_479,Authentication Logs,On-Prem Appliance,2024-04-24,2746988,3605.84,2024-03-28 00:00:00
dataset_480,Authentication Logs,Cloud Provider,2024-07-18,4200795,239.15,2021-02-20 00:00:00
dataset_481,Cloud Events,Open Source,2021-11-28,4142771,1962.48,2022-03-15 00:00:00
dataset_482,Cloud Events,Cloud Provider,2020-06-07,3555103,2857.49,2021-09-01 00:00:00
dataset_483,System Metrics,On-Prem Appliance,2023-11-13,4984835,2975.75,2020-05-18 00:00:00
dataset_484,System Metrics,SIEM Export,2021-07-27,1525843,4976.34,2021-06-08 00:00:00
dataset_485,Network Logs,External Vendor,2022-08-18,443792,723.78,2025-02-16 00:00:00
dataset_486,Threat Intelligence,On-Prem Appliance,2021-06-22,610684,2201.07,2024-06-24 00:00:00
dataset_487,User Activity,Open Source,2020-03-18,99493,2782.32,2023-09-10 00:00:00
dataset_488,Authentication Logs,SIEM Export,2023-01-11,4608026,4102.36,2021-10-11 00:00:00
dataset_489,System Metrics,Cloud Provider,2023-03-28,330757,4803.86,2020-02-02 00:00:00
dataset_490,Cloud Events,SIEM Export,2022-12-15,3281560,2039.82,2020-06-20 00:00:00
dataset_491,Authentication Logs,Open Source,2022-06-08,3000736,2104.78,2021-02-03 00:00:00
dataset_492,User Activity,Open Source,2021-06-23,4530350,3889.72,2024-08-24 00:00:00
dataset_493,Network Logs,Cloud Provider,2023-10-29,2868311,664.48,2023-03-23 00:00:00
dataset_494,Malware Samples,Cloud Provider,2024-07-25,1331284,4973.17,2020-03-11 00:00:00
dataset_495,System Metrics,Open Source,2021-04-01,2767769,354.24,2024-02-19 00:00:00
dataset_496,Threat Intelligence,Internal SOC,2021-11-03,1362740,3872.52,2020-05-17 00:00:00
dataset_497,Cloud Events,External Vendor,2023-07-19,620761,1374.85,2023-04-10 00:00:00
dataset_498,Cloud Events,SIEM Export,2023-04-19,1812079,2159.25,2024-03-18 00:00:00
dataset_499,Authentication Logs,External Vendor,2024-02-13,4738715,1110.83,2021-12-19 00:00:00
dataset_500,Malware Samples,On-Prem Appliance,2021-05-31,2051731,1342.52,2023-09-10 00:00:00